policy,seed,type,instance,nnodes,nlps,stime,finalgap,50_gap,75_gap,100_gap,200_gap,status,ndomchgs,ncutoffs,walltime,proctime
ml-competitor:svmrank_khalil,4,small,../data/instances/facilities/test_100_100_5/instance_1.lp,203,360,15.090671,0.0,0.003397908374912392,0.0033082629615190967,0.0032807154462759468,0,optimal,0,0,15.090736798942089,15.081417362
ml-competitor:svmrank_khalil,6,small,../data/instances/facilities/test_100_100_5/instance_1.lp,229,323,15.216617,0.0,0.002712531400848565,0.002394896043868434,0.0023516201554093738,0.0013491132417494172,optimal,0,0,15.216670645400882,15.226798041999999
ml-competitor:svmrank_khalil,8,small,../data/instances/facilities/test_100_100_5/instance_1.lp,213,341,15.189928,0.0,0.002875670418458238,0.0024012173058212075,0.0020228980723086664,0,optimal,0,0,15.189981888979673,15.199902182000002
ml-competitor:svmrank_khalil,10,small,../data/instances/facilities/test_100_100_5/instance_1.lp,217,346,16.361425,0.0,0.002875670418458238,0.00237206359407458,0.002034776235489501,0.0007518273562476874,optimal,0,0,16.361479089595377,16.372170900999997
ml-competitor:svmrank_khalil,12,small,../data/instances/facilities/test_100_100_5/instance_1.lp,201,294,13.738296,0.0,0.003275317958748519,0.002828722707732192,0.0027256561345201905,0,optimal,0,0,13.738346793688834,13.747141885000005
gcnn:baseline,4,small,../data/instances/facilities/test_100_100_5/instance_1.lp,235,377,14.532831,0.0,0.002428246634792157,0.002428246634792157,0.002428246634792157,0,optimal,0,0,14.532867707312107,15.493025582000001
gcnn:baseline,6,small,../data/instances/facilities/test_100_100_5/instance_1.lp,191,297,14.381923,0.0,0.0032039979576559646,0.0024190104829152296,0.0024173073601334904,0,optimal,0,0,14.38197576161474,15.313047072000003
gcnn:baseline,8,small,../data/instances/facilities/test_100_100_5/instance_1.lp,195,342,15.80183,0.0,0.0025712925777586094,0.0024227533740163428,0.0020228980723086664,0,optimal,0,0,15.801876381970942,16.761141852999998
gcnn:baseline,10,small,../data/instances/facilities/test_100_100_5/instance_1.lp,199,298,14.974379,0.0,0.003261232401659998,0.0027841511250617746,0.0027841511250617746,0,optimal,0,0,14.974429639987648,15.92307103799999
gcnn:baseline,12,small,../data/instances/facilities/test_100_100_5/instance_1.lp,181,275,14.279043,0.0,0.0032039979576559646,0.0032039979576559646,0.002419010482915436,0,optimal,0,0,14.279087302275002,15.200633721999992
ml-competitor:svmrank_khalil,4,small,../data/instances/facilities/test_100_100_5/instance_2.lp,221,354,19.980505,0.0,0.002564484197062098,0.0018841270332487477,0.0016267606168276988,0.0007522197411519046,optimal,0,0,19.980545034632087,19.98796032300001
ml-competitor:svmrank_khalil,6,small,../data/instances/facilities/test_100_100_5/instance_2.lp,249,386,23.175223,0.0,0.002288134372890416,0.0019041902659792634,0.0018419375560373278,0.0008655501125106944,optimal,0,0,23.175268308259547,23.182165037999994
ml-competitor:svmrank_khalil,8,small,../data/instances/facilities/test_100_100_5/instance_2.lp,223,345,18.99056,0.0,0.0026621180300852114,0.002281727429718036,0.0019287704017224635,0,optimal,0,0,18.990605815313756,18.996282952
ml-competitor:svmrank_khalil,10,small,../data/instances/facilities/test_100_100_5/instance_2.lp,217,330,21.786288,0.0,0.0022939157432738345,0.0019440501975281877,0.0019440501975281877,0.001856549854499884,optimal,0,0,21.786338936537504,21.79247879799999
ml-competitor:svmrank_khalil,12,small,../data/instances/facilities/test_100_100_5/instance_2.lp,237,378,23.316071,0.0,0.0025509971947535086,0.001946930511766878,0.0019064476615145722,0.0013731585794126207,optimal,0,0,23.316114578396082,23.322637711000027
gcnn:baseline,4,small,../data/instances/facilities/test_100_100_5/instance_2.lp,219,337,21.116098,0.0,0.002007984357807816,0.0019466679042312175,0.0019466679042312175,0,optimal,0,0,21.11614502966404,22.086860863000027
gcnn:baseline,6,small,../data/instances/facilities/test_100_100_5/instance_2.lp,255,375,23.806569,0.0,0.002288134372890416,0.001998379292782488,0.0019301158823873382,0.0013606416732004792,optimal,0,0,23.806621748954058,24.816213891000018
gcnn:baseline,8,small,../data/instances/facilities/test_100_100_5/instance_2.lp,227,334,17.961249,0.0,0.0026621180300852114,0.002007065983537286,0.0019287704017224635,0.001875036093049353,optimal,0,0,17.961309843696654,18.943136519000007
gcnn:baseline,10,small,../data/instances/facilities/test_100_100_5/instance_2.lp,219,332,21.711939,0.0,0.0022939157432738345,0.001962925593407366,0.001962925593407366,0.0013776389941321284,optimal,0,0,21.71198127232492,22.691405630999952
gcnn:baseline,12,small,../data/instances/facilities/test_100_100_5/instance_2.lp,219,327,20.401622,0.0,0.001946930511766878,0.001946930511766878,0.0019289129531996703,0,optimal,0,0,20.401658684946597,21.377358457000014
ml-competitor:svmrank_khalil,4,small,../data/instances/facilities/test_100_100_5/instance_3.lp,59,156,16.19734,0.0,0.0008315925982646317,0,0,0,optimal,0,0,16.197382029145956,16.208926505999955
ml-competitor:svmrank_khalil,6,small,../data/instances/facilities/test_100_100_5/instance_3.lp,71,165,17.388339,0.0,0.0018101080537129743,0,0,0,optimal,0,0,17.388388816267252,17.399271806
ml-competitor:svmrank_khalil,8,small,../data/instances/facilities/test_100_100_5/instance_3.lp,57,166,15.206092,0.0,0.0009656539347536847,0,0,0,optimal,0,0,15.206131018698215,15.21581893900003
ml-competitor:svmrank_khalil,10,small,../data/instances/facilities/test_100_100_5/instance_3.lp,60,146,13.053865,0.0,0.001025625738354697,0,0,0,optimal,0,0,13.053915013559163,13.062338691000036
ml-competitor:svmrank_khalil,12,small,../data/instances/facilities/test_100_100_5/instance_3.lp,49,144,14.930866,0.0,0,0,0,0,optimal,0,0,14.930902287364006,14.940404731000001
gcnn:baseline,4,small,../data/instances/facilities/test_100_100_5/instance_3.lp,39,122,15.025574,0.0,0,0,0,0,optimal,0,0,15.02564441692084,15.86060422099996
gcnn:baseline,6,small,../data/instances/facilities/test_100_100_5/instance_3.lp,82,209,20.465751,0.0,0.00199355047079267,0.00024786379617599793,0,0,optimal,0,0,20.465795491822064,21.335052664999978
gcnn:baseline,8,small,../data/instances/facilities/test_100_100_5/instance_3.lp,37,136,13.622245,0.0,0,0,0,0,optimal,0,0,13.622289049439132,14.449921206000056
gcnn:baseline,10,small,../data/instances/facilities/test_100_100_5/instance_3.lp,55,128,11.291861,0.0,0.00232966270724214,0,0,0,optimal,0,0,11.291900258511305,12.131598929000006
gcnn:baseline,12,small,../data/instances/facilities/test_100_100_5/instance_3.lp,41,124,13.410641,0.0,0,0,0,0,optimal,0,0,13.410682754591107,14.241686770000001
ml-competitor:svmrank_khalil,4,small,../data/instances/facilities/test_100_100_5/instance_4.lp,57,237,25.000893,0.0031730707104502655,0.0031730707104502655,0,0,0,timelimit,0,0,25.00093826558441,25.01042364
ml-competitor:svmrank_khalil,6,small,../data/instances/facilities/test_100_100_5/instance_4.lp,85,284,25.000782,0.0016913188185357661,0.00276573031309384,0.0018756507308803664,0,0,timelimit,0,0,25.00083206128329,25.009205598999984
ml-competitor:svmrank_khalil,8,small,../data/instances/facilities/test_100_100_5/instance_4.lp,59,246,25.000729,0.0027233544852236858,0.0027233544852236858,0,0,0,timelimit,0,0,25.000769718550146,25.009061361000022
ml-competitor:svmrank_khalil,10,small,../data/instances/facilities/test_100_100_5/instance_4.lp,46,235,25.001099,0.002812894885827113,0,0,0,0,timelimit,0,0,25.00115035753697,25.00898559399991
ml-competitor:svmrank_khalil,12,small,../data/instances/facilities/test_100_100_5/instance_4.lp,110,279,25.001875,0.0008964333974930498,0.0016322200354486436,0.0011711668097654886,0.0008964333974930498,0,timelimit,0,0,25.001917737536132,25.010404300999994
gcnn:baseline,4,small,../data/instances/facilities/test_100_100_5/instance_4.lp,68,224,25.001304,0.0032242947938301517,0.0032242947938301517,0,0,0,timelimit,0,0,25.001375075429678,25.913860953999915
gcnn:baseline,6,small,../data/instances/facilities/test_100_100_5/instance_4.lp,103,272,25.003891,0.0024563960943246336,0.002892985126458042,0.0024805955531544584,0.0024563960943246336,0,timelimit,0,0,25.003941148519516,25.940384799999947
gcnn:baseline,8,small,../data/instances/facilities/test_100_100_5/instance_4.lp,63,268,25.000677,0.0025729473872945744,0.0030736969392836577,0,0,0,timelimit,0,0,25.000730662606657,25.892369448999943
gcnn:baseline,10,small,../data/instances/facilities/test_100_100_5/instance_4.lp,59,278,25.00094,0.0024385181589973866,0.002735448742362176,0,0,0,timelimit,0,0,25.000977136194706,25.884074579999947
gcnn:baseline,12,small,../data/instances/facilities/test_100_100_5/instance_4.lp,119,267,22.741581,0.0,0.0012887772280871772,0.0009405334517459601,0.0006621350038112974,0,optimal,0,0,22.74162263330072,23.637535285000013
ml-competitor:svmrank_khalil,4,small,../data/instances/facilities/test_100_100_5/instance_5.lp,33,133,11.287278,0.0,0,0,0,0,optimal,0,0,11.287312156520784,11.291785108999989
ml-competitor:svmrank_khalil,6,small,../data/instances/facilities/test_100_100_5/instance_5.lp,31,73,5.994296,0.0,0,0,0,0,optimal,0,0,5.994330164976418,5.997161657999982
ml-competitor:svmrank_khalil,8,small,../data/instances/facilities/test_100_100_5/instance_5.lp,23,87,10.581255,0.0,0,0,0,0,optimal,0,0,10.581286795437336,10.584665328999904
ml-competitor:svmrank_khalil,10,small,../data/instances/facilities/test_100_100_5/instance_5.lp,13,114,11.508366,0.0,0,0,0,0,optimal,0,0,11.508410366252065,11.512278037999977
ml-competitor:svmrank_khalil,12,small,../data/instances/facilities/test_100_100_5/instance_5.lp,25,117,10.302106,0.0,0,0,0,0,optimal,0,0,10.302157448604703,10.305710547000103
gcnn:baseline,4,small,../data/instances/facilities/test_100_100_5/instance_5.lp,29,132,11.446889,0.0,0,0,0,0,optimal,0,0,11.446922612376511,12.258118932999992
gcnn:baseline,6,small,../data/instances/facilities/test_100_100_5/instance_5.lp,35,77,6.273119,0.0,0,0,0,0,optimal,0,0,6.273153807967901,7.095177927000009
gcnn:baseline,8,small,../data/instances/facilities/test_100_100_5/instance_5.lp,27,91,10.636977,0.0,0,0,0,0,optimal,0,0,10.637024876661599,11.445195356
gcnn:baseline,10,small,../data/instances/facilities/test_100_100_5/instance_5.lp,15,116,11.756533,0.0,0,0,0,0,optimal,0,0,11.756578296422958,12.565476972000056
gcnn:baseline,12,small,../data/instances/facilities/test_100_100_5/instance_5.lp,25,114,10.073071,0.0,0,0,0,0,optimal,0,0,10.073111486621201,10.888969174999943
ml-competitor:svmrank_khalil,4,small,../data/instances/facilities/test_100_100_5/instance_6.lp,15,137,25.001833,0.003819103366776243,0,0,0,0,timelimit,0,0,25.001886925660074,25.010690489000012
ml-competitor:svmrank_khalil,6,small,../data/instances/facilities/test_100_100_5/instance_6.lp,41,182,25.000798,0.00413362242541078,0,0,0,0,timelimit,0,0,25.000849820673466,25.008869798999967
ml-competitor:svmrank_khalil,8,small,../data/instances/facilities/test_100_100_5/instance_6.lp,59,238,25.002206,0.003578074062033996,0.003578074062033996,0,0,0,timelimit,0,0,25.002250065095723,25.010422852000033
ml-competitor:svmrank_khalil,10,small,../data/instances/facilities/test_100_100_5/instance_6.lp,71,210,25.000647,0.00374022196183832,0.004131949022734421,0,0,0,timelimit,0,0,25.000694727525115,25.009066333000078
ml-competitor:svmrank_khalil,12,small,../data/instances/facilities/test_100_100_5/instance_6.lp,32,237,25.002392,0.0040586655171671124,0,0,0,0,timelimit,0,0,25.002429294399917,25.010595269000078
gcnn:baseline,4,small,../data/instances/facilities/test_100_100_5/instance_6.lp,24,132,25.002608,0.0036975843051539332,0,0,0,0,timelimit,0,0,25.002657877281308,25.839475890000017
gcnn:baseline,6,small,../data/instances/facilities/test_100_100_5/instance_6.lp,26,162,25.000936,0.0039509500884373095,0,0,0,0,timelimit,0,0,25.000976191833615,25.844185423
gcnn:baseline,8,small,../data/instances/facilities/test_100_100_5/instance_6.lp,46,241,25.000752,0.003240943709934755,0,0,0,0,timelimit,0,0,25.00078943464905,25.87203569600001
gcnn:baseline,10,small,../data/instances/facilities/test_100_100_5/instance_6.lp,58,218,25.000968,0.0037757944906881033,0.0037757944906881033,0,0,0,timelimit,0,0,25.000999001786113,25.88441238700011
gcnn:baseline,12,small,../data/instances/facilities/test_100_100_5/instance_6.lp,29,220,25.001008,0.003859370257411656,0,0,0,0,timelimit,0,0,25.00107358302921,25.848505841999895
ml-competitor:svmrank_khalil,4,small,../data/instances/facilities/test_100_100_5/instance_7.lp,7,69,8.291589,0.0,0,0,0,0,optimal,0,0,8.291622302494943,8.294747727999948
ml-competitor:svmrank_khalil,6,small,../data/instances/facilities/test_100_100_5/instance_7.lp,9,54,6.136468,0.0,0,0,0,0,optimal,0,0,6.13650044426322,6.138846605000026
ml-competitor:svmrank_khalil,8,small,../data/instances/facilities/test_100_100_5/instance_7.lp,7,47,5.71046,0.0,0,0,0,0,optimal,0,0,5.710493584163487,5.712625119999984
ml-competitor:svmrank_khalil,10,small,../data/instances/facilities/test_100_100_5/instance_7.lp,7,109,8.577703,0.0,0,0,0,0,optimal,0,0,8.577733534388244,8.580396822000012
ml-competitor:svmrank_khalil,12,small,../data/instances/facilities/test_100_100_5/instance_7.lp,7,52,6.120322,0.0,0,0,0,0,optimal,0,0,6.1203595250844955,6.122373760000073
gcnn:baseline,4,small,../data/instances/facilities/test_100_100_5/instance_7.lp,13,75,8.501084,0.0,0,0,0,0,optimal,0,0,8.501119604334235,9.306893226000057
gcnn:baseline,6,small,../data/instances/facilities/test_100_100_5/instance_7.lp,7,52,6.171783,0.0,0,0,0,0,optimal,0,0,6.171841701492667,6.828489244999901
gcnn:baseline,8,small,../data/instances/facilities/test_100_100_5/instance_7.lp,11,50,5.740101,0.0,0,0,0,0,optimal,0,0,5.740133414976299,6.525460187999897
gcnn:baseline,10,small,../data/instances/facilities/test_100_100_5/instance_7.lp,7,109,8.650698,0.0,0,0,0,0,optimal,0,0,8.650728572160006,9.330262044999927
gcnn:baseline,12,small,../data/instances/facilities/test_100_100_5/instance_7.lp,7,52,6.180592,0.0,0,0,0,0,optimal,0,0,6.180624078959227,6.863899812
ml-competitor:svmrank_khalil,4,small,../data/instances/facilities/test_100_100_5/instance_8.lp,67,228,25.002279,0.005122907884715941,0.005122907884715941,0,0,0,timelimit,0,0,25.00232370570302,25.01146894900012
ml-competitor:svmrank_khalil,6,small,../data/instances/facilities/test_100_100_5/instance_8.lp,31,176,19.654661,0.0,0,0,0,0,optimal,0,0,19.654700632207096,19.660734050999963
ml-competitor:svmrank_khalil,8,small,../data/instances/facilities/test_100_100_5/instance_8.lp,43,210,25.000725,0.004700681684633441,0,0,0,0,timelimit,0,0,25.000754895620048,25.008128837999948
ml-competitor:svmrank_khalil,10,small,../data/instances/facilities/test_100_100_5/instance_8.lp,39,186,25.001221,0.0009011630284299765,0,0,0,0,timelimit,0,0,25.00126409623772,25.00838558999999
ml-competitor:svmrank_khalil,12,small,../data/instances/facilities/test_100_100_5/instance_8.lp,77,327,25.001126,0.004313996955473372,0.004313996955473372,0.004313996955473372,0,0,timelimit,0,0,25.00117425993085,25.00907730400013
gcnn:baseline,4,small,../data/instances/facilities/test_100_100_5/instance_8.lp,84,246,25.001052,0.004697882533751148,0.004798975723978753,0.004697882533751148,0,0,timelimit,0,0,25.00109767448157,25.954882422000082
gcnn:baseline,6,small,../data/instances/facilities/test_100_100_5/instance_8.lp,17,138,13.711055,0.0,0,0,0,0,optimal,0,0,13.711104560643435,14.525205732999893
gcnn:baseline,8,small,../data/instances/facilities/test_100_100_5/instance_8.lp,17,143,14.924831,0.0,0,0,0,0,optimal,0,0,14.924861303530633,15.740843080999866
gcnn:baseline,10,small,../data/instances/facilities/test_100_100_5/instance_8.lp,22,141,18.538312,0.0,0,0,0,0,optimal,0,0,18.538345533423126,19.360799637000127
gcnn:baseline,12,small,../data/instances/facilities/test_100_100_5/instance_8.lp,15,136,14.633016,0.0,0,0,0,0,optimal,0,0,14.633063189685345,15.444282425999972
ml-competitor:svmrank_khalil,4,small,../data/instances/facilities/test_100_100_5/instance_9.lp,140,320,25.000651,0.001777203512391616,0.0029300627604861144,0.002708587680368201,0.002004911274108558,0,timelimit,0,0,25.00069689936936,25.010257864999858
ml-competitor:svmrank_khalil,6,small,../data/instances/facilities/test_100_100_5/instance_9.lp,162,307,25.004551,0.0014372118316635406,0.0035874538042819796,0.0035874538042819796,0.0035874538042819796,0,timelimit,0,0,25.00459767971188,25.01258534800013
ml-competitor:svmrank_khalil,8,small,../data/instances/facilities/test_100_100_5/instance_9.lp,232,371,25.000822,0.0012774702152071194,0.002681907892016647,0.002543674963967699,0.002308472648532797,0.0015949434004261436,timelimit,0,0,25.000878769904375,25.009633248
ml-competitor:svmrank_khalil,10,small,../data/instances/facilities/test_100_100_5/instance_9.lp,126,294,25.003052,0.004013925135167474,0.004545959983857247,0.004244044765111824,0.004233367845059577,0,timelimit,0,0,25.00309812091291,25.014951397000004
ml-competitor:svmrank_khalil,12,small,../data/instances/facilities/test_100_100_5/instance_9.lp,152,293,25.001675,0.002010392354339195,0.003591002809197871,0.0033175467881189176,0.002673438403773237,0,timelimit,0,0,25.00172642339021,25.016956031000063
gcnn:baseline,4,small,../data/instances/facilities/test_100_100_5/instance_9.lp,161,321,25.00818,0.0018719643141882714,0.003258797846964933,0.0029097861201146645,0.002788647318244043,0,timelimit,0,0,25.00822796765715,25.9630629589999
gcnn:baseline,6,small,../data/instances/facilities/test_100_100_5/instance_9.lp,129,284,25.000577,0.002669130229433809,0.002822731714818781,0.002822731714818781,0.002759580643146501,0,timelimit,0,0,25.000621589832008,25.92295915500017
gcnn:baseline,8,small,../data/instances/facilities/test_100_100_5/instance_9.lp,189,328,21.560668,0.0,0.0033660439279211067,0.0026063200698463796,0.002312124793963515,0,optimal,0,0,21.560708923265338,22.505219123000188
gcnn:baseline,10,small,../data/instances/facilities/test_100_100_5/instance_9.lp,124,289,25.000847,0.004237697386947987,0.0045604492747470205,0.004237697386947987,0.004237697386947987,0,timelimit,0,0,25.00089984294027,25.97785584799999
gcnn:baseline,12,small,../data/instances/facilities/test_100_100_5/instance_9.lp,180,335,25.000719,0.001230036355841277,0.003356811052803937,0.003162787332355936,0.0027881261630477057,0,timelimit,0,0,25.00076436344534,25.947294422999903
ml-competitor:svmrank_khalil,4,small,../data/instances/facilities/test_100_100_5/instance_10.lp,59,228,25.00163,0.004109468975618653,0.004109468975618653,0,0,0,timelimit,0,0,25.00166945066303,25.01009689700004
ml-competitor:svmrank_khalil,6,small,../data/instances/facilities/test_100_100_5/instance_10.lp,41,195,25.001015,0.0047764870396304355,0,0,0,0,timelimit,0,0,25.00106418132782,25.00830050100012
ml-competitor:svmrank_khalil,8,small,../data/instances/facilities/test_100_100_5/instance_10.lp,38,195,25.001753,0.004929816347823432,0,0,0,0,timelimit,0,0,25.00180691666901,25.009011765999958
ml-competitor:svmrank_khalil,10,small,../data/instances/facilities/test_100_100_5/instance_10.lp,61,223,25.001058,0.004572402696106479,0.0046462782453744024,0,0,0,timelimit,0,0,25.001104531809688,25.014011894000078
ml-competitor:svmrank_khalil,12,small,../data/instances/facilities/test_100_100_5/instance_10.lp,26,173,25.000962,0.004906996867689692,0,0,0,0,timelimit,0,0,25.001007648184896,25.015805821999948
gcnn:baseline,4,small,../data/instances/facilities/test_100_100_5/instance_10.lp,69,221,25.000917,0.0048832414470842975,0.0048832414470842975,0,0,0,timelimit,0,0,25.000956904143095,25.91378987500002
gcnn:baseline,6,small,../data/instances/facilities/test_100_100_5/instance_10.lp,44,189,25.000125,0.004990918177958978,0,0,0,0,timelimit,0,0,25.000172498635948,25.873419136000166
gcnn:baseline,8,small,../data/instances/facilities/test_100_100_5/instance_10.lp,41,199,25.002007,0.005017109811213938,0,0,0,0,timelimit,0,0,25.002051050774753,25.87379349799994
gcnn:baseline,10,small,../data/instances/facilities/test_100_100_5/instance_10.lp,52,210,25.001045,0.003946884568337594,0.003946884568337594,0,0,0,timelimit,0,0,25.001082258298993,25.88741143900006
gcnn:baseline,12,small,../data/instances/facilities/test_100_100_5/instance_10.lp,30,182,25.002293,0.0049905330925849485,0,0,0,0,timelimit,0,0,25.002342209219933,25.85852222199992
ml-competitor:svmrank_khalil,4,small,../data/instances/facilities/test_100_100_5/instance_11.lp,11,98,11.475188,0.0,0,0,0,0,optimal,0,0,11.475230854935944,11.48294616599992
ml-competitor:svmrank_khalil,6,small,../data/instances/facilities/test_100_100_5/instance_11.lp,11,118,12.138151,0.0,0,0,0,0,optimal,0,0,12.138185109943151,12.145848075999993
ml-competitor:svmrank_khalil,8,small,../data/instances/facilities/test_100_100_5/instance_11.lp,11,107,10.651616,0.0,0,0,0,0,optimal,0,0,10.651662826538086,10.658173888999954
ml-competitor:svmrank_khalil,10,small,../data/instances/facilities/test_100_100_5/instance_11.lp,13,100,12.269893,0.0,0,0,0,0,optimal,0,0,12.269922114908695,12.277245630000152
ml-competitor:svmrank_khalil,12,small,../data/instances/facilities/test_100_100_5/instance_11.lp,13,99,10.065086,0.0,0,0,0,0,optimal,0,0,10.065115568228066,10.071192453000094
gcnn:baseline,4,small,../data/instances/facilities/test_100_100_5/instance_11.lp,9,96,11.441419,0.0,0,0,0,0,optimal,0,0,11.44146320503205,12.251556345000154
gcnn:baseline,6,small,../data/instances/facilities/test_100_100_5/instance_11.lp,13,122,12.229841,0.0,0,0,0,0,optimal,0,0,12.229889771901071,13.043084335999993
gcnn:baseline,8,small,../data/instances/facilities/test_100_100_5/instance_11.lp,13,110,11.015171,0.0,0,0,0,0,optimal,0,0,11.01520688738674,11.826414314999965
gcnn:baseline,10,small,../data/instances/facilities/test_100_100_5/instance_11.lp,11,99,12.4642,0.0,0,0,0,0,optimal,0,0,12.46425687149167,13.277370945000257
gcnn:baseline,12,small,../data/instances/facilities/test_100_100_5/instance_11.lp,9,94,9.99906,0.0,0,0,0,0,optimal,0,0,9.999094309285283,10.80830355099988
ml-competitor:svmrank_khalil,4,small,../data/instances/facilities/test_100_100_5/instance_12.lp,19,157,25.001117,0.010700544611307277,0,0,0,0,timelimit,0,0,25.001163033768535,25.01752756499991
ml-competitor:svmrank_khalil,6,small,../data/instances/facilities/test_100_100_5/instance_12.lp,19,134,25.000905,0.009442983052538139,0,0,0,0,timelimit,0,0,25.000945184379816,25.015077304999977
ml-competitor:svmrank_khalil,8,small,../data/instances/facilities/test_100_100_5/instance_12.lp,20,155,25.005609,0.010331955713276199,0,0,0,0,timelimit,0,0,25.005655881017447,25.02007191699977
ml-competitor:svmrank_khalil,10,small,../data/instances/facilities/test_100_100_5/instance_12.lp,11,126,25.003105,0.010379050033516782,0,0,0,0,timelimit,0,0,25.003144974820316,25.01709716000005
ml-competitor:svmrank_khalil,12,small,../data/instances/facilities/test_100_100_5/instance_12.lp,14,169,25.002055,0.01104226984980955,0,0,0,0,timelimit,0,0,25.00210616644472,25.01648318200023
gcnn:baseline,4,small,../data/instances/facilities/test_100_100_5/instance_12.lp,29,145,25.001169,0.01119219669092383,0,0,0,0,timelimit,0,0,25.00119806174189,25.85535976600022
gcnn:baseline,6,small,../data/instances/facilities/test_100_100_5/instance_12.lp,11,143,25.002205,0.009581708549685895,0,0,0,0,timelimit,0,0,25.002258390188217,25.831711526000163
gcnn:baseline,8,small,../data/instances/facilities/test_100_100_5/instance_12.lp,13,167,25.002614,0.011980069031496378,0,0,0,0,timelimit,0,0,25.00266642589122,25.8353270599996
gcnn:baseline,10,small,../data/instances/facilities/test_100_100_5/instance_12.lp,6,134,25.001165,0.010505927953880103,0,0,0,0,timelimit,0,0,25.00122709106654,25.82142148899993
gcnn:baseline,12,small,../data/instances/facilities/test_100_100_5/instance_12.lp,20,175,25.001118,0.010143703221539381,0,0,0,0,timelimit,0,0,25.00114859174937,25.842541172999972
ml-competitor:svmrank_khalil,4,small,../data/instances/facilities/test_100_100_5/instance_13.lp,201,419,25.059202,0.0019358656065903452,0.0029768991690432,0.0026128957639327726,0.0020847436619108946,0.0019358656065903452,timelimit,0,0,25.059246519580483,25.076766445999965
ml-competitor:svmrank_khalil,6,small,../data/instances/facilities/test_100_100_5/instance_13.lp,236,408,25.000613,0.0022300585766454185,0.002861686596701628,0.0026764695583727616,0.002640888027541871,0.0023231559667185944,timelimit,0,0,25.000651123933494,25.016747556000155
ml-competitor:svmrank_khalil,8,small,../data/instances/facilities/test_100_100_5/instance_13.lp,133,322,25.001892,0.002564877427334839,0.0029002455924125796,0.002591618243226627,0.002591618243226627,0,timelimit,0,0,25.00193136651069,25.017497917999663
ml-competitor:svmrank_khalil,10,small,../data/instances/facilities/test_100_100_5/instance_13.lp,130,363,25.00196,0.0025437291124344864,0.0033147990958480515,0.003303395878559173,0.0030386210623513316,0,timelimit,0,0,25.001999615691602,25.017470720000347
ml-competitor:svmrank_khalil,12,small,../data/instances/facilities/test_100_100_5/instance_13.lp,149,347,25.00066,0.001998543242223113,0.0026601988578480924,0.002516797939539919,0.002516797939539919,0,timelimit,0,0,25.00071293115616,25.01623300400024
gcnn:baseline,4,small,../data/instances/facilities/test_100_100_5/instance_13.lp,334,520,25.000192,0.0007294713537330253,0.002350988776502566,0.002134441286136279,0.002134441286136279,0.0019140315741300123,timelimit,0,0,25.000224503688514,26.064024217000224
gcnn:baseline,6,small,../data/instances/facilities/test_100_100_5/instance_13.lp,236,405,25.00446,0.0018297140959794584,0.00239041651224712,0.0021213243557629937,0.0019486867630746153,0.0018297140959794584,timelimit,0,0,25.004503833130002,26.032234873000107
gcnn:baseline,8,small,../data/instances/facilities/test_100_100_5/instance_13.lp,221,385,25.000849,0.0022115257760395627,0.0030588416916021103,0.0025172891402645064,0.0025172891402645064,0.0022115257760395627,timelimit,0,0,25.000883852131665,26.01304172900018
gcnn:baseline,10,small,../data/instances/facilities/test_100_100_5/instance_13.lp,190,377,25.003554,0.0020983082760439764,0.0030135533291102013,0.0030135533291102013,0.0027746434197810075,0,timelimit,0,0,25.003602055832744,26.024698209000235
gcnn:baseline,12,small,../data/instances/facilities/test_100_100_5/instance_13.lp,159,350,25.000885,0.0021347372719784036,0.0027246418164944605,0.0025940193418727228,0.0023312046695273775,0,timelimit,0,0,25.00091760326177,25.972753128000022
ml-competitor:svmrank_khalil,4,small,../data/instances/facilities/test_100_100_5/instance_14.lp,84,215,25.000804,0.002305510954636864,0.002321861924761596,0.002305510954636864,0,0,timelimit,0,0,25.0008549336344,25.009452909000174
ml-competitor:svmrank_khalil,6,small,../data/instances/facilities/test_100_100_5/instance_14.lp,64,250,25.000921,0.0023212977200722834,0.0023212977200722834,0,0,0,timelimit,0,0,25.000951493158937,25.007764465000037
ml-competitor:svmrank_khalil,8,small,../data/instances/facilities/test_100_100_5/instance_14.lp,120,226,25.0007,0.00180476523873132,0.0037975795672494173,0.0022627306777196193,0.0022499183877552073,0,timelimit,0,0,25.000751479528844,25.00766108300013
ml-competitor:svmrank_khalil,10,small,../data/instances/facilities/test_100_100_5/instance_14.lp,61,180,25.001077,0.0035032947588945077,0.0035032947588945077,0,0,0,timelimit,0,0,25.001117575913668,25.007816332999937
ml-competitor:svmrank_khalil,12,small,../data/instances/facilities/test_100_100_5/instance_14.lp,63,223,25.000812,0.0019210840317338185,0.0020877417207940314,0,0,0,timelimit,0,0,25.000857510603964,25.007487195000067
gcnn:baseline,4,small,../data/instances/facilities/test_100_100_5/instance_14.lp,87,224,24.741346,0.0,0.0016131859116448584,0.0013732036842888748,0,0,optimal,0,0,24.741382476873696,25.611599186999683
gcnn:baseline,6,small,../data/instances/facilities/test_100_100_5/instance_14.lp,103,307,23.478079,0.0,0.0019731446198319965,0.000420000047350183,0,0,optimal,0,0,23.47811660915613,24.358665105
gcnn:baseline,8,small,../data/instances/facilities/test_100_100_5/instance_14.lp,72,195,25.000285,0.0019769686106683483,0.0019769686106683483,0,0,0,timelimit,0,0,25.00032316427678,25.8853467429999
gcnn:baseline,10,small,../data/instances/facilities/test_100_100_5/instance_14.lp,56,182,25.002303,0.0028955666758743613,0.0032107459489022104,0,0,0,timelimit,0,0,25.002354088239372,25.877787478999835
gcnn:baseline,12,small,../data/instances/facilities/test_100_100_5/instance_14.lp,81,201,21.303896,0.0,0.001519142181241824,0.0004337070147474536,0,0,optimal,0,0,21.303929636254907,22.16742259700004
ml-competitor:svmrank_khalil,4,small,../data/instances/facilities/test_100_100_5/instance_15.lp,18,160,25.003036,0.007792084028020876,0,0,0,0,timelimit,0,0,25.00308669079095,25.019410705000155
ml-competitor:svmrank_khalil,6,small,../data/instances/facilities/test_100_100_5/instance_15.lp,12,135,25.000881,0.007873922438777572,0,0,0,0,timelimit,0,0,25.00094146374613,25.015037226999993
ml-competitor:svmrank_khalil,8,small,../data/instances/facilities/test_100_100_5/instance_15.lp,37,208,25.001026,0.004888197356630542,0,0,0,0,timelimit,0,0,25.00107353553176,25.01628087400013
ml-competitor:svmrank_khalil,10,small,../data/instances/facilities/test_100_100_5/instance_15.lp,28,182,25.00097,0.007901137627908108,0,0,0,0,timelimit,0,0,25.00103268586099,25.015660227999888
ml-competitor:svmrank_khalil,12,small,../data/instances/facilities/test_100_100_5/instance_15.lp,20,151,25.001809,0.007874607510928187,0,0,0,0,timelimit,0,0,25.00185729842633,25.016673376999734
gcnn:baseline,4,small,../data/instances/facilities/test_100_100_5/instance_15.lp,20,141,25.001822,0.007792084028020876,0,0,0,0,timelimit,0,0,25.001852313056588,25.84627425499957
gcnn:baseline,6,small,../data/instances/facilities/test_100_100_5/instance_15.lp,16,131,25.001039,0.007564388369920094,0,0,0,0,timelimit,0,0,25.001083918847144,25.83745967099958
gcnn:baseline,8,small,../data/instances/facilities/test_100_100_5/instance_15.lp,16,148,25.002101,0.004828848256363222,0,0,0,0,timelimit,0,0,25.002144402824342,25.815230488999987
gcnn:baseline,10,small,../data/instances/facilities/test_100_100_5/instance_15.lp,18,134,25.004261,0.008111116183594592,0,0,0,0,timelimit,0,0,25.00430299434811,25.81568108800002
gcnn:baseline,12,small,../data/instances/facilities/test_100_100_5/instance_15.lp,17,125,25.003099,0.007874607510928187,0,0,0,0,timelimit,0,0,25.003145340830088,25.81270778399994
ml-competitor:svmrank_khalil,4,small,../data/instances/facilities/test_100_100_5/instance_16.lp,43,179,25.001034,0.002610720395396959,0,0,0,0,timelimit,0,0,25.001077747903764,25.005091445999824
ml-competitor:svmrank_khalil,6,small,../data/instances/facilities/test_100_100_5/instance_16.lp,66,233,25.000791,0.002415949435949893,0.002501914794441516,0,0,0,timelimit,0,0,25.000843334943056,25.004323657999976
ml-competitor:svmrank_khalil,8,small,../data/instances/facilities/test_100_100_5/instance_16.lp,40,174,25.001007,0.003126736113184716,0,0,0,0,timelimit,0,0,25.001052583567798,25.004281032000108
ml-competitor:svmrank_khalil,10,small,../data/instances/facilities/test_100_100_5/instance_16.lp,63,174,25.00111,0.0024173455284646136,0.0024173455284646136,0,0,0,timelimit,0,0,25.001166984438896,25.00520330900008
ml-competitor:svmrank_khalil,12,small,../data/instances/facilities/test_100_100_5/instance_16.lp,95,231,25.00269,0.0026149620606931772,0.0026149620606931772,0.0026149620606931772,0,0,timelimit,0,0,25.002737608738244,25.006768369999918
gcnn:baseline,4,small,../data/instances/facilities/test_100_100_5/instance_16.lp,40,162,25.007196,0.0032478713443922238,0,0,0,0,timelimit,0,0,25.00724398344755,25.843662073999894
gcnn:baseline,6,small,../data/instances/facilities/test_100_100_5/instance_16.lp,117,282,25.000706,0.0019191816006611218,0.0027974273682377197,0.002523740956508526,0.0025025099247312087,0,timelimit,0,0,25.00075607188046,25.93009948300005
gcnn:baseline,8,small,../data/instances/facilities/test_100_100_5/instance_16.lp,50,187,25.001966,0.002956558892208644,0.002956558892208644,0,0,0,timelimit,0,0,25.002007984556258,25.827570673000082
gcnn:baseline,10,small,../data/instances/facilities/test_100_100_5/instance_16.lp,64,178,25.000885,0.0028417640085617608,0.00311912940963531,0,0,0,timelimit,0,0,25.000934313051403,25.822786099999576
gcnn:baseline,12,small,../data/instances/facilities/test_100_100_5/instance_16.lp,77,207,25.000747,0.003248815660369328,0.0033623658877526864,0,0,0,timelimit,0,0,25.000794825144112,25.825234597999952
ml-competitor:svmrank_khalil,4,small,../data/instances/facilities/test_100_100_5/instance_17.lp,20,120,25.002483,0.0075185419736943536,0,0,0,0,timelimit,0,0,25.00251674838364,25.007848859000205
ml-competitor:svmrank_khalil,6,small,../data/instances/facilities/test_100_100_5/instance_17.lp,16,107,25.001237,0.00813921283491975,0,0,0,0,timelimit,0,0,25.001292389817536,25.005979499000205
ml-competitor:svmrank_khalil,8,small,../data/instances/facilities/test_100_100_5/instance_17.lp,16,107,25.003051,0.011780054800135295,0,0,0,0,timelimit,0,0,25.0030937185511,25.00747613700014
ml-competitor:svmrank_khalil,10,small,../data/instances/facilities/test_100_100_5/instance_17.lp,41,147,25.077069,0.007877588850522421,0,0,0,0,timelimit,0,0,25.077122521586716,25.082309152000107
ml-competitor:svmrank_khalil,12,small,../data/instances/facilities/test_100_100_5/instance_17.lp,16,138,25.003619,0.009457009554754424,0,0,0,0,timelimit,0,0,25.003667428158224,25.008486531000017
gcnn:baseline,4,small,../data/instances/facilities/test_100_100_5/instance_17.lp,14,108,25.0029,0.009331046452928756,0,0,0,0,timelimit,0,0,25.002950057387352,25.80920495800001
gcnn:baseline,6,small,../data/instances/facilities/test_100_100_5/instance_17.lp,19,116,25.000954,0.007322019119800829,0,0,0,0,timelimit,0,0,25.00098986364901,25.808930820000114
gcnn:baseline,8,small,../data/instances/facilities/test_100_100_5/instance_17.lp,20,121,25.003063,0.011170437504364701,0,0,0,0,timelimit,0,0,25.003113124519587,25.81818535100001
gcnn:baseline,10,small,../data/instances/facilities/test_100_100_5/instance_17.lp,55,182,25.000893,0.00750149192630256,0.00750149192630256,0,0,0,timelimit,0,0,25.000929774716496,25.89408238599981
gcnn:baseline,12,small,../data/instances/facilities/test_100_100_5/instance_17.lp,17,136,25.002924,0.008514290474564491,0,0,0,0,timelimit,0,0,25.00297302007675,25.812556449999647
ml-competitor:svmrank_khalil,4,small,../data/instances/facilities/test_100_100_5/instance_18.lp,401,661,24.709545,0.0,0.004042013586978815,0.003937654155545349,0.0032527476763443996,0.002250879958746752,optimal,0,0,24.70958259422332,24.71469396900011
ml-competitor:svmrank_khalil,6,small,../data/instances/facilities/test_100_100_5/instance_18.lp,189,401,25.000892,0.0030767125030382527,0.003807745101960411,0.0036896741602018054,0.0035724682076101,0,timelimit,0,0,25.00094290357083,25.00578952700016
ml-competitor:svmrank_khalil,8,small,../data/instances/facilities/test_100_100_5/instance_18.lp,322,519,25.000879,0.0011098918520039455,0.004379435177772663,0.0037721867745361616,0.0037037609189673167,0.0027749336656090703,timelimit,0,0,25.000912972725928,25.005505986000117
ml-competitor:svmrank_khalil,10,small,../data/instances/facilities/test_100_100_5/instance_18.lp,186,442,25.000159,0.002218272708193904,0.003526938864972791,0.0030987732831708453,0.002858639577835636,0,timelimit,0,0,25.000215666368604,25.004965913999968
ml-competitor:svmrank_khalil,12,small,../data/instances/facilities/test_100_100_5/instance_18.lp,313,516,25.002082,0.00212893038196897,0.004377988656674999,0.003731650437038854,0.0037277393576527827,0.0029254402360863094,timelimit,0,0,25.002129417844117,25.006601477000004
gcnn:baseline,4,small,../data/instances/facilities/test_100_100_5/instance_18.lp,399,611,23.270469,0.0,0.004149778711064638,0.0035596551086614203,0.00342733471295496,0.002226480922956683,optimal,0,0,23.27051356807351,24.157854009999937
gcnn:baseline,6,small,../data/instances/facilities/test_100_100_5/instance_18.lp,241,423,23.981424,0.0,0.003929330529407795,0.003929330529407795,0.0030378507070403767,0.001236423066638904,optimal,0,0,23.981457204557955,24.831276893999984
gcnn:baseline,8,small,../data/instances/facilities/test_100_100_5/instance_18.lp,355,576,24.084003,0.0,0.004060759330561492,0.0034447176868122467,0.00274634023114083,0.0020885353468532934,optimal,0,0,24.084051088429987,24.96171916000003
gcnn:baseline,10,small,../data/instances/facilities/test_100_100_5/instance_18.lp,216,461,25.000801,0.0016995418512844667,0.0037203669938315077,0.0036818777581950866,0.0029735514293091256,0.0017540404485343242,timelimit,0,0,25.000849741511047,25.880490562999967
gcnn:baseline,12,small,../data/instances/facilities/test_100_100_5/instance_18.lp,321,500,25.000588,0.0018895772708503104,0.004604286609572578,0.004201347302154291,0.003781034393868648,0.002767960348323027,timelimit,0,0,25.000629626214504,26.000772030999997
ml-competitor:svmrank_khalil,4,small,../data/instances/facilities/test_100_100_5/instance_19.lp,55,149,14.575102,0.0,0,0,0,0,optimal,0,0,14.575149805285037,14.58499412800029
ml-competitor:svmrank_khalil,6,small,../data/instances/facilities/test_100_100_5/instance_19.lp,51,167,17.721231,0.0,0,0,0,0,optimal,0,0,17.721264960244298,17.727679889999763
ml-competitor:svmrank_khalil,8,small,../data/instances/facilities/test_100_100_5/instance_19.lp,50,161,18.924729,0.0,0,0,0,0,optimal,0,0,18.924774591811,18.92754276400001
ml-competitor:svmrank_khalil,10,small,../data/instances/facilities/test_100_100_5/instance_19.lp,47,152,18.094038,0.0,0,0,0,0,optimal,0,0,18.094089944846928,18.097046389000297
ml-competitor:svmrank_khalil,12,small,../data/instances/facilities/test_100_100_5/instance_19.lp,61,169,18.165399,0.0,0.0009862993790597523,0,0,0,optimal,0,0,18.165462158620358,18.168343581000045
gcnn:baseline,4,small,../data/instances/facilities/test_100_100_5/instance_19.lp,41,132,16.157287,0.0,0,0,0,0,optimal,0,0,16.157333134673536,16.964537201999974
gcnn:baseline,6,small,../data/instances/facilities/test_100_100_5/instance_19.lp,41,130,15.722503,0.0,0,0,0,0,optimal,0,0,15.72255402803421,16.528786631999992
gcnn:baseline,8,small,../data/instances/facilities/test_100_100_5/instance_19.lp,35,149,17.867792,0.0,0,0,0,0,optimal,0,0,17.86782612837851,18.67362827199986
gcnn:baseline,10,small,../data/instances/facilities/test_100_100_5/instance_19.lp,47,154,17.948626,0.0,0,0,0,0,optimal,0,0,17.948661932721734,18.756650517000253
gcnn:baseline,12,small,../data/instances/facilities/test_100_100_5/instance_19.lp,43,151,16.847032,0.0,0,0,0,0,optimal,0,0,16.847072107717395,17.651713115999883
ml-competitor:svmrank_khalil,4,small,../data/instances/facilities/test_100_100_5/instance_20.lp,135,285,22.603252,0.0,0.0015518395314998148,0.0014054292967109806,0.0010897886175463701,0,optimal,0,0,22.603300170972943,22.604619320999973
ml-competitor:svmrank_khalil,6,small,../data/instances/facilities/test_100_100_5/instance_20.lp,160,278,21.054952,0.0,0.0018642444055109496,0.00151155450593499,0.00151155450593499,0,optimal,0,0,21.05500502511859,21.055533311999625
ml-competitor:svmrank_khalil,8,small,../data/instances/facilities/test_100_100_5/instance_20.lp,161,278,20.480966,0.0,0.0019150934047362923,0.001852005045874227,0.0016497881909858893,0,optimal,0,0,20.480999019928277,20.481736441000066
ml-competitor:svmrank_khalil,10,small,../data/instances/facilities/test_100_100_5/instance_20.lp,123,217,17.287461,0.0,0.002132388725571854,0.0011196726123287946,0.0006148068269893026,0,optimal,0,0,17.287509048357606,17.287928339000246
ml-competitor:svmrank_khalil,12,small,../data/instances/facilities/test_100_100_5/instance_20.lp,139,273,20.832009,0.0,0.0017688998517486284,0.0017688998517486284,0.0014020511469949963,0,optimal,0,0,20.83205885346979,20.832797383999605
gcnn:baseline,4,small,../data/instances/facilities/test_100_100_5/instance_20.lp,105,234,19.027721,0.0,0.0014793062766351372,0.0010126931827868827,0.0005043270077519568,0,optimal,0,0,19.027755328454077,19.846451004999835
gcnn:baseline,6,small,../data/instances/facilities/test_100_100_5/instance_20.lp,105,192,15.222656,0.0,0.001449334993570207,0.0014332083402520022,0,0,optimal,0,0,15.222702044062316,16.04570232899914
gcnn:baseline,8,small,../data/instances/facilities/test_100_100_5/instance_20.lp,141,243,20.338912,0.0,0.00220605080263566,0.001071240921795185,0.0009426440194698347,0,optimal,0,0,20.338964818045497,21.172753959000147
gcnn:baseline,10,small,../data/instances/facilities/test_100_100_5/instance_20.lp,161,281,21.3625,0.0,0.001853824393826549,0.0014909146596710887,0.0012985460646081663,0,optimal,0,0,21.36253339983523,22.19925831599994
gcnn:baseline,12,small,../data/instances/facilities/test_100_100_5/instance_20.lp,115,233,18.065463,0.0,0.0012200912911641615,0.001029449970327885,0.00031277776301266827,0,optimal,0,0,18.065498248673975,18.89143421100016
