policy,seed,type,instance,nnodes,nlps,stime,finalgap,50_gap,75_gap,100_gap,150_gap,200_gap,250_gap,300_gap,status,ndomchgs,ncutoffs,walltime,proctime
ml-competitor:svmrank_khalil,0,small,../data/instances/cddesign/test/instance_1.lp,609,4758,180.24139,0.0016837547352699651,0.0018099858913627294,0.0018015444503568202,0.0017724698338811293,0.001744427737477004,0.0017343842134030511,0.0017282107753732203,0.0017176867631198463,timelimit,0,0,180.24141816422343,180.300633644
ml-competitor:svmrank_khalil,2,small,../data/instances/cddesign/test/instance_1.lp,616,4698,180.203012,0.001706511851510995,0.0018165365678234017,0.0018165365678234017,0.0017999525956237702,0.0017714383215194605,0.001755510696025064,0.001737768974469625,0.001737768974469625,timelimit,0,0,180.20303422771394,180.285061965
ml-competitor:svmrank_khalil,4,small,../data/instances/cddesign/test/instance_1.lp,613,4749,180.186038,0.0017772941210558028,0.001797818649684979,0.001788500912662458,0.0017772941210558028,0.0017772941210558028,0.0017772941210558028,0.0017772941210558028,0.0017772941210558028,timelimit,0,0,180.18606112152338,180.25765537400002
gcnn:baseline,0,small,../data/instances/cddesign/test/instance_1.lp,7247,12862,180.00212,0.0015926720978197634,0.001820693908200908,0.001820693908200908,0.001820693908200908,0.001768741843201377,0.0017378860121941913,0.0017378860121941913,0.0017378860121941913,timelimit,0,0,180.0021449662745,165.6301621240001
gcnn:baseline,2,small,../data/instances/cddesign/test/instance_1.lp,7176,13137,180.000573,0.001622199615150964,0.0018142676802728021,0.0018089479982533819,0.0018089479982533819,0.0017708653666889502,0.0017642177383547788,0.0017445835466744853,0.0017442372555542412,timelimit,0,0,180.00060943327844,166.79742470299993
gcnn:baseline,4,small,../data/instances/cddesign/test/instance_1.lp,7164,13847,180.06593,0.0016247063452927701,0.0018020059770849895,0.0018020059770849895,0.0018020059770849895,0.0017849953175662653,0.0017849953175662653,0.0017849953175662653,0.0017849953175662653,timelimit,0,0,180.06595182046294,167.02288056700002
ml-competitor:svmrank_khalil,0,small,../data/instances/cddesign/test/instance_6.lp,618,4803,180.213501,0.0016837547352699651,0.0018099858913627294,0.0018015444503568202,0.0017724698338811293,0.001744427737477004,0.0017343842134030511,0.0017282107753732203,0.0017176867631198463,timelimit,0,0,180.21353211067617,180.28062042700003
ml-competitor:svmrank_khalil,2,small,../data/instances/cddesign/test/instance_6.lp,623,4705,180.009058,0.0017040306614238365,0.0018165365678234017,0.0018165365678234017,0.0017999525956237702,0.0017714383215194605,0.001755510696025064,0.001737768974469625,0.001737768974469625,timelimit,0,0,180.00907838717103,180.09708157
ml-competitor:svmrank_khalil,4,small,../data/instances/cddesign/test/instance_6.lp,625,4761,180.173323,0.0017772941210558028,0.001797818649684979,0.001788500912662458,0.0017772941210558028,0.0017772941210558028,0.0017772941210558028,0.0017772941210558028,0.0017772941210558028,timelimit,0,0,180.1733439862728,180.2570649349998
gcnn:baseline,0,small,../data/instances/cddesign/test/instance_6.lp,7265,12880,180.020028,0.0015926720978197634,0.001820693908200908,0.001820693908200908,0.001820693908200908,0.001768741843201377,0.0017378860121941913,0.0017378860121941913,0.0017378860121941913,timelimit,0,0,180.02005692757666,166.84699919600007
gcnn:baseline,2,small,../data/instances/cddesign/test/instance_6.lp,7241,13680,180.000308,0.0016221384813853513,0.0018142676802728021,0.0018089479982533819,0.0018089479982533819,0.0017708653666889502,0.0017642177383547788,0.0017445835466744853,0.0017442372555542412,timelimit,0,0,180.00033070333302,166.96886761200017
gcnn:baseline,4,small,../data/instances/cddesign/test/instance_6.lp,6948,13629,180.023354,0.0016247063452927701,0.0018020059770849895,0.0018020059770849895,0.0018020059770849895,0.0017849953175662653,0.0017849953175662653,0.0017849953175662653,0.0017849953175662653,timelimit,0,0,180.02338017895818,167.0164834159998
ml-competitor:svmrank_khalil,0,small,../data/instances/cddesign/test/instance_11.lp,591,4740,180.260763,0.001685243452786252,0.0018099858913627294,0.0018015444503568202,0.0017724698338811293,0.001744427737477004,0.0017343842134030511,0.0017282107753732203,0.0017176867631198463,timelimit,0,0,180.2607857324183,180.3475622310002
ml-competitor:svmrank_khalil,2,small,../data/instances/cddesign/test/instance_11.lp,571,4638,180.103778,0.001727487291280757,0.0018165365678234017,0.0018165365678234017,0.0017999525956237702,0.0017714383215194605,0.001755510696025064,0.001737768974469625,0.001737768974469625,timelimit,0,0,180.10380900278687,180.17793552800003
ml-competitor:svmrank_khalil,4,small,../data/instances/cddesign/test/instance_11.lp,573,4706,180.194704,0.0017772941210558028,0.001797818649684979,0.001788500912662458,0.0017772941210558028,0.0017772941210558028,0.0017772941210558028,0.0017772941210558028,0.0017772941210558028,timelimit,0,0,180.19473855011165,180.25243178400024
gcnn:baseline,0,small,../data/instances/cddesign/test/instance_11.lp,9558,16563,180.001682,0.0015831647967426345,0.001820693908200908,0.001820693908200908,0.001820693908200908,0.001768741843201377,0.0017378860121941913,0.0017378860121941913,0.0017378860121941913,timelimit,0,0,180.0017039105296,188.19086587899983
gcnn:baseline,2,small,../data/instances/cddesign/test/instance_11.lp,7461,13909,180.009161,0.0016221384813853513,0.0018142676802728021,0.0018089479982533819,0.0018089479982533819,0.0017708653666889502,0.0017642177383547788,0.0017445835466744853,0.0017442372555542412,timelimit,0,0,180.00919123366475,171.96574520299964
gcnn:baseline,4,small,../data/instances/cddesign/test/instance_11.lp,6807,13479,180.010641,0.0016247063452927701,0.0018020059770849895,0.0018020059770849895,0.0018020059770849895,0.0017849953175662653,0.0017849953175662653,0.0017849953175662653,0.0017849953175662653,timelimit,0,0,180.01067220047116,167.63822582500006
ml-competitor:svmrank_khalil,0,small,../data/instances/cddesign/test/instance_16.lp,575,4724,180.178212,0.001685243452786252,0.0018099858913627294,0.0018015444503568202,0.0017724698338811293,0.001744427737477004,0.0017343842134030511,0.0017282107753732203,0.0017176867631198463,timelimit,0,0,180.17823860049248,180.2334333140002
ml-competitor:svmrank_khalil,2,small,../data/instances/cddesign/test/instance_16.lp,579,4650,180.11864,0.001727487291280757,0.0018165365678234017,0.0018165365678234017,0.0017999525956237702,0.0017714383215194605,0.001755510696025064,0.001737768974469625,0.001737768974469625,timelimit,0,0,180.11867133155465,180.1693400879999
ml-competitor:svmrank_khalil,4,small,../data/instances/cddesign/test/instance_16.lp,574,4707,180.11181,0.0017772941210558028,0.001797818649684979,0.001788500912662458,0.0017772941210558028,0.0017772941210558028,0.0017772941210558028,0.0017772941210558028,0.0017772941210558028,timelimit,0,0,180.11184347607195,180.1639778660001
gcnn:baseline,0,small,../data/instances/cddesign/test/instance_16.lp,8260,14980,180.010896,0.0015884820811736277,0.001820693908200908,0.001820693908200908,0.001820693908200908,0.001768741843201377,0.0017378860121941913,0.0017378860121941913,0.0017378860121941913,timelimit,0,0,180.01092071644962,176.7016305100001
gcnn:baseline,2,small,../data/instances/cddesign/test/instance_16.lp,9795,16531,180.038002,0.001617022773312185,0.0018142676802728021,0.0018089479982533819,0.0018089479982533819,0.0017708653666889502,0.0017642177383547788,0.0017445835466744853,0.0017442372555542412,timelimit,0,0,180.0380279161036,188.2849138739998
gcnn:baseline,4,small,../data/instances/cddesign/test/instance_16.lp,10624,18688,180.003247,0.0016207767621445174,0.0018020059770849895,0.0018020059770849895,0.0018020059770849895,0.0017849953175662653,0.0017849953175662653,0.0017849953175662653,0.0017849953175662653,timelimit,0,0,180.00326916575432,187.18457775699972
ml-competitor:svmrank_khalil,0,small,../data/instances/cddesign/test/instance_21.lp,632,4843,180.065475,0.0016792989711327914,0.0018099858913627294,0.0018015444503568202,0.0017724698338811293,0.001744427737477004,0.0017343842134030511,0.0017282107753732203,0.0017176867631198463,timelimit,0,0,180.06550360284746,180.11556549200031
ml-competitor:svmrank_khalil,2,small,../data/instances/cddesign/test/instance_21.lp,642,4724,180.1587,0.0016913397712703733,0.0018165365678234017,0.0018165365678234017,0.0017999525956237702,0.0017714383215194605,0.001755510696025064,0.001737768974469625,0.001737768974469625,timelimit,0,0,180.15873256139457,180.23896268299995
ml-competitor:svmrank_khalil,4,small,../data/instances/cddesign/test/instance_21.lp,638,4775,180.23431,0.0017772941210558028,0.001797818649684979,0.001788500912662458,0.0017772941210558028,0.0017772941210558028,0.0017772941210558028,0.0017772941210558028,0.0017772941210558028,timelimit,0,0,180.23433156870306,180.30423435899957
gcnn:baseline,0,small,../data/instances/cddesign/test/instance_21.lp,9592,16597,180.028446,0.0015828028500883828,0.001820693908200908,0.001820693908200908,0.001820693908200908,0.001768741843201377,0.0017378860121941913,0.0017378860121941913,0.0017378860121941913,timelimit,0,0,180.0284682624042,188.42491631700068
gcnn:baseline,2,small,../data/instances/cddesign/test/instance_21.lp,10099,16843,180.004465,0.0016168569580272364,0.0018142676802728021,0.0018089479982533819,0.0018089479982533819,0.0017708653666889502,0.0017642177383547788,0.0017445835466744853,0.0017442372555542412,timelimit,0,0,180.0044838525355,188.8663289039996
gcnn:baseline,4,small,../data/instances/cddesign/test/instance_21.lp,9789,17829,180.056055,0.0016207767621445174,0.0018020059770849895,0.0018020059770849895,0.0018020059770849895,0.0017849953175662653,0.0017849953175662653,0.0017849953175662653,0.0017849953175662653,timelimit,0,0,180.05607711710036,188.35959707999973
ml-competitor:svmrank_khalil,0,small,../data/instances/cddesign/test/instance_26.lp,632,4843,180.208655,0.0016792989711327914,0.0018099858913627294,0.0018015444503568202,0.0017724698338811293,0.001744427737477004,0.0017343842134030511,0.0017282107753732203,0.0017176867631198463,timelimit,0,0,180.2086834013462,180.20123204499941
ml-competitor:svmrank_khalil,2,small,../data/instances/cddesign/test/instance_26.lp,644,4726,180.100675,0.0016913397712703733,0.0018165365678234017,0.0018165365678234017,0.0017999525956237702,0.0017714383215194605,0.001755510696025064,0.001737768974469625,0.001737768974469625,timelimit,0,0,180.10069794021547,180.1760467690001
ml-competitor:svmrank_khalil,4,small,../data/instances/cddesign/test/instance_26.lp,622,4758,180.007311,0.0017772941210558028,0.001797818649684979,0.001788500912662458,0.0017772941210558028,0.0017772941210558028,0.0017772941210558028,0.0017772941210558028,0.0017772941210558028,timelimit,0,0,180.00733797438443,179.97489770099946
gcnn:baseline,0,small,../data/instances/cddesign/test/instance_26.lp,9328,16323,180.060563,0.0015844118027388198,0.001820693908200908,0.001820693908200908,0.001820693908200908,0.001768741843201377,0.0017378860121941913,0.0017378860121941913,0.0017378860121941913,timelimit,0,0,180.06058577261865,187.7919315729996
gcnn:baseline,2,small,../data/instances/cddesign/test/instance_26.lp,9607,16317,180.002131,0.00161725214739372,0.0018142676802728021,0.0018089479982533819,0.0018089479982533819,0.0017708653666889502,0.0017642177383547788,0.0017445835466744853,0.0017442372555542412,timelimit,0,0,180.00216229073703,188.0281746949995
gcnn:baseline,4,small,../data/instances/cddesign/test/instance_26.lp,9576,16531,180.003792,0.0016207767621445174,0.0018020059770849895,0.0018020059770849895,0.0018020059770849895,0.0017849953175662653,0.0017849953175662653,0.0017849953175662653,0.0017849953175662653,timelimit,0,0,180.00381135568023,188.1991226980008
ml-competitor:svmrank_khalil,0,small,../data/instances/cddesign/test/instance_31.lp,593,4742,180.135209,0.001685243452786252,0.0018099858913627294,0.0018015444503568202,0.0017724698338811293,0.001744427737477004,0.0017343842134030511,0.0017282107753732203,0.0017176867631198463,timelimit,0,0,180.13523104600608,180.19280793599955
ml-competitor:svmrank_khalil,2,small,../data/instances/cddesign/test/instance_31.lp,620,4702,180.034666,0.001706511851510995,0.0018165365678234017,0.0018165365678234017,0.0017999525956237702,0.0017714383215194605,0.001755510696025064,0.001737768974469625,0.001737768974469625,timelimit,0,0,180.03468841686845,180.08276703899992
ml-competitor:svmrank_khalil,4,small,../data/instances/cddesign/test/instance_31.lp,616,4752,180.138541,0.0017772941210558028,0.001797818649684979,0.001788500912662458,0.0017772941210558028,0.0017772941210558028,0.0017772941210558028,0.0017772941210558028,0.0017772941210558028,timelimit,0,0,180.1385825537145,180.16118439399997
gcnn:baseline,0,small,../data/instances/cddesign/test/instance_31.lp,9402,16398,180.001729,0.0015838475193820688,0.001820693908200908,0.001820693908200908,0.001820693908200908,0.001768741843201377,0.0017378860121941913,0.0017378860121941913,0.0017378860121941913,timelimit,0,0,180.00175323709846,188.06020738699954
gcnn:baseline,2,small,../data/instances/cddesign/test/instance_31.lp,9648,16382,180.005143,0.00161725214739372,0.0018142676802728021,0.0018089479982533819,0.0018089479982533819,0.0017708653666889502,0.0017642177383547788,0.0017445835466744853,0.0017442372555542412,timelimit,0,0,180.00516317039728,188.1283129479998
gcnn:baseline,4,small,../data/instances/cddesign/test/instance_31.lp,9512,16467,180.009574,0.0016207767621445174,0.0018020059770849895,0.0018020059770849895,0.0018020059770849895,0.0017849953175662653,0.0017849953175662653,0.0017849953175662653,0.0017849953175662653,timelimit,0,0,180.00959493219852,187.97719356400012
ml-competitor:svmrank_khalil,0,small,../data/instances/cddesign/test/instance_36.lp,622,4833,180.054301,0.0016837547352699651,0.0018099858913627294,0.0018015444503568202,0.0017724698338811293,0.001744427737477004,0.0017343842134030511,0.0017282107753732203,0.0017176867631198463,timelimit,0,0,180.05432547442615,179.90996973999972
ml-competitor:svmrank_khalil,2,small,../data/instances/cddesign/test/instance_36.lp,642,4724,180.258695,0.0016913397712703733,0.0018165365678234017,0.0018165365678234017,0.0017999525956237702,0.0017714383215194605,0.001755510696025064,0.001737768974469625,0.001737768974469625,timelimit,0,0,180.25872223079205,180.29658318900056
ml-competitor:svmrank_khalil,4,small,../data/instances/cddesign/test/instance_36.lp,629,4766,180.119532,0.0017772941210558028,0.001797818649684979,0.001788500912662458,0.0017772941210558028,0.0017772941210558028,0.0017772941210558028,0.0017772941210558028,0.0017772941210558028,timelimit,0,0,180.11956340633333,180.15702753799997
gcnn:baseline,0,small,../data/instances/cddesign/test/instance_36.lp,8622,15349,180.004728,0.001586885935980032,0.001820693908200908,0.001820693908200908,0.001820693908200908,0.001768741843201377,0.0017378860121941913,0.0017378860121941913,0.0017378860121941913,timelimit,0,0,180.0047490540892,187.2757419010004
gcnn:baseline,2,small,../data/instances/cddesign/test/instance_36.lp,9025,15537,180.007049,0.0016181655438642188,0.0018142676802728021,0.0018089479982533819,0.0018089479982533819,0.0017708653666889502,0.0017642177383547788,0.0017445835466744853,0.0017442372555542412,timelimit,0,0,180.0070709977299,187.47248126699924
gcnn:baseline,4,small,../data/instances/cddesign/test/instance_36.lp,8778,15714,180.003402,0.0016208052599515623,0.0018020059770849895,0.0018020059770849895,0.0018020059770849895,0.0017849953175662653,0.0017849953175662653,0.0017849953175662653,0.0017849953175662653,timelimit,0,0,180.00342451408505,187.16402919600114
ml-competitor:svmrank_khalil,0,small,../data/instances/cddesign/test/instance_41.lp,582,4731,180.221517,0.001685243452786252,0.0018099858913627294,0.0018015444503568202,0.0017724698338811293,0.001744427737477004,0.0017343842134030511,0.0017282107753732203,0.0017176867631198463,timelimit,0,0,180.22154647670686,180.27404598499925
ml-competitor:svmrank_khalil,2,small,../data/instances/cddesign/test/instance_41.lp,599,4672,180.141144,0.0017115610633397509,0.0018165365678234017,0.0018165365678234017,0.0017999525956237702,0.0017714383215194605,0.001755510696025064,0.001737768974469625,0.001737768974469625,timelimit,0,0,180.14117543958127,180.19590002599944
ml-competitor:svmrank_khalil,4,small,../data/instances/cddesign/test/instance_41.lp,601,4737,180.077241,0.0017772941210558028,0.001797818649684979,0.001788500912662458,0.0017772941210558028,0.0017772941210558028,0.0017772941210558028,0.0017772941210558028,0.0017772941210558028,timelimit,0,0,180.077265875414,180.1439198850003
gcnn:baseline,0,small,../data/instances/cddesign/test/instance_41.lp,8540,15266,180.006994,0.0015872036915973557,0.001820693908200908,0.001820693908200908,0.001820693908200908,0.001768741843201377,0.0017378860121941913,0.0017378860121941913,0.0017378860121941913,timelimit,0,0,180.00704979151487,186.89595542999996
gcnn:baseline,2,small,../data/instances/cddesign/test/instance_41.lp,9003,15515,180.004521,0.0016181655438642188,0.0018142676802728021,0.0018089479982533819,0.0018089479982533819,0.0017708653666889502,0.0017642177383547788,0.0017445835466744853,0.0017442372555542412,timelimit,0,0,180.00454799085855,187.18362043600064
gcnn:baseline,4,small,../data/instances/cddesign/test/instance_41.lp,8706,15642,180.003086,0.001622225560447193,0.0018020059770849895,0.0018020059770849895,0.0018020059770849895,0.0017849953175662653,0.0017849953175662653,0.0017849953175662653,0.0017849953175662653,timelimit,0,0,180.0031082201749,187.1735652240004
ml-competitor:svmrank_khalil,0,small,../data/instances/cddesign/test/instance_46.lp,595,4744,180.252244,0.001685243452786252,0.0018099858913627294,0.0018015444503568202,0.0017724698338811293,0.001744427737477004,0.0017343842134030511,0.0017282107753732203,0.0017176867631198463,timelimit,0,0,180.25226840749383,180.19888993200038
ml-competitor:svmrank_khalil,2,small,../data/instances/cddesign/test/instance_46.lp,606,4679,180.135965,0.0017090798482391374,0.0018165365678234017,0.0018165365678234017,0.0017999525956237702,0.0017714383215194605,0.001755510696025064,0.001737768974469625,0.001737768974469625,timelimit,0,0,180.13598838448524,180.12979764699958
ml-competitor:svmrank_khalil,4,small,../data/instances/cddesign/test/instance_46.lp,601,4737,180.178221,0.0017772941210558028,0.001797818649684979,0.001788500912662458,0.0017772941210558028,0.0017772941210558028,0.0017772941210558028,0.0017772941210558028,0.0017772941210558028,timelimit,0,0,180.1782430037856,180.2337203219995
gcnn:baseline,0,small,../data/instances/cddesign/test/instance_46.lp,8544,15270,180.007233,0.0015872036915973557,0.001820693908200908,0.001820693908200908,0.001820693908200908,0.001768741843201377,0.0017378860121941913,0.0017378860121941913,0.0017378860121941913,timelimit,0,0,180.00725294090807,186.76988580999932
gcnn:baseline,2,small,../data/instances/cddesign/test/instance_46.lp,8951,15463,180.031147,0.0016181655438642188,0.0018142676802728021,0.0018089479982533819,0.0018089479982533819,0.0017708653666889502,0.0017642177383547788,0.0017445835466744853,0.0017442372555542412,timelimit,0,0,180.0311741195619,187.50174252499892
gcnn:baseline,4,small,../data/instances/cddesign/test/instance_46.lp,8766,15702,180.074637,0.0016208421156432265,0.0018020059770849895,0.0018020059770849895,0.0018020059770849895,0.0017849953175662653,0.0017849953175662653,0.0017849953175662653,0.0017849953175662653,timelimit,0,0,180.0746563076973,187.19333288000053
ml-competitor:svmrank_khalil,0,small,../data/instances/cddesign/test/instance_51.lp,600,4749,180.141893,0.001685243452786252,0.0018099858913627294,0.0018015444503568202,0.0017724698338811293,0.001744427737477004,0.0017343842134030511,0.0017282107753732203,0.0017176867631198463,timelimit,0,0,180.14191662333906,180.1231082260001
ml-competitor:svmrank_khalil,2,small,../data/instances/cddesign/test/instance_51.lp,600,4673,180.203171,0.0017115610633397509,0.0018165365678234017,0.0018165365678234017,0.0017999525956237702,0.0017714383215194605,0.001755510696025064,0.001737768974469625,0.001737768974469625,timelimit,0,0,180.20319852419198,180.23508265500095
ml-competitor:svmrank_khalil,4,small,../data/instances/cddesign/test/instance_51.lp,588,4724,180.061478,0.0017772941210558028,0.001797818649684979,0.001788500912662458,0.0017772941210558028,0.0017772941210558028,0.0017772941210558028,0.0017772941210558028,0.0017772941210558028,timelimit,0,0,180.06150394119322,180.11338527599946
gcnn:baseline,0,small,../data/instances/cddesign/test/instance_51.lp,8695,15424,180.07828,0.0015867871736829462,0.001820693908200908,0.001820693908200908,0.001820693908200908,0.001768741843201377,0.0017378860121941913,0.0017378860121941913,0.0017378860121941913,timelimit,0,0,180.0783011317253,187.11725732599916
gcnn:baseline,2,small,../data/instances/cddesign/test/instance_51.lp,8837,15333,180.000203,0.0016187261126717994,0.0018142676802728021,0.0018089479982533819,0.0018089479982533819,0.0017708653666889502,0.0017642177383547788,0.0017445835466744853,0.0017442372555542412,timelimit,0,0,180.00022747926414,187.30252852100057
gcnn:baseline,4,small,../data/instances/cddesign/test/instance_51.lp,8642,15570,180.014295,0.0016232575398134194,0.0018020059770849895,0.0018020059770849895,0.0018020059770849895,0.0017849953175662653,0.0017849953175662653,0.0017849953175662653,0.0017849953175662653,timelimit,0,0,180.01432069577277,186.93775158799872
ml-competitor:svmrank_khalil,0,small,../data/instances/cddesign/test/instance_56.lp,597,4746,180.230238,0.001685243452786252,0.0018099858913627294,0.0018015444503568202,0.0017724698338811293,0.001744427737477004,0.0017343842134030511,0.0017282107753732203,0.0017176867631198463,timelimit,0,0,180.23026266135275,180.2967652239986
ml-competitor:svmrank_khalil,2,small,../data/instances/cddesign/test/instance_56.lp,603,4675,180.000393,0.0017090798482391374,0.0018165365678234017,0.0018165365678234017,0.0017999525956237702,0.0017714383215194605,0.001755510696025064,0.001737768974469625,0.001737768974469625,timelimit,0,0,180.00042152404785,180.07651641699886
ml-competitor:svmrank_khalil,4,small,../data/instances/cddesign/test/instance_56.lp,587,4723,180.216603,0.0017772941210558028,0.001797818649684979,0.001788500912662458,0.0017772941210558028,0.0017772941210558028,0.0017772941210558028,0.0017772941210558028,0.0017772941210558028,timelimit,0,0,180.21663159504533,180.2726493680002
gcnn:baseline,0,small,../data/instances/cddesign/test/instance_56.lp,8601,15328,180.005012,0.0015868924002761557,0.001820693908200908,0.001820693908200908,0.001820693908200908,0.001768741843201377,0.0017378860121941913,0.0017378860121941913,0.0017378860121941913,timelimit,0,0,180.0050325281918,187.19680660300037
gcnn:baseline,2,small,../data/instances/cddesign/test/instance_56.lp,8850,15347,180.007143,0.0016183672902573031,0.0018142676802728021,0.0018089479982533819,0.0018089479982533819,0.0017708653666889502,0.0017642177383547788,0.0017445835466744853,0.0017442372555542412,timelimit,0,0,180.0071677863598,187.27313265200064
gcnn:baseline,4,small,../data/instances/cddesign/test/instance_56.lp,8702,15630,180.060618,0.001622225560447193,0.0018020059770849895,0.0018020059770849895,0.0018020059770849895,0.0017849953175662653,0.0017849953175662653,0.0017849953175662653,0.0017849953175662653,timelimit,0,0,180.0606424510479,187.10076519999893
ml-competitor:svmrank_khalil,0,small,../data/instances/cddesign/test/instance_61.lp,600,4749,180.001216,0.001685243452786252,0.0018099858913627294,0.0018015444503568202,0.0017724698338811293,0.001744427737477004,0.0017343842134030511,0.0017282107753732203,0.0017176867631198463,timelimit,0,0,180.00124656409025,180.06383959899904
ml-competitor:svmrank_khalil,2,small,../data/instances/cddesign/test/instance_61.lp,584,4656,180.014157,0.001725005997281858,0.0018165365678234017,0.0018165365678234017,0.0017999525956237702,0.0017714383215194605,0.001755510696025064,0.001737768974469625,0.001737768974469625,timelimit,0,0,180.0141933299601,180.08267010999953
ml-competitor:svmrank_khalil,4,small,../data/instances/cddesign/test/instance_61.lp,585,4718,180.238125,0.0017772941210558028,0.001797818649684979,0.001788500912662458,0.0017772941210558028,0.0017772941210558028,0.0017772941210558028,0.0017772941210558028,0.0017772941210558028,timelimit,0,0,180.23815036937594,180.2891670429999
gcnn:baseline,0,small,../data/instances/cddesign/test/instance_61.lp,8512,15237,180.003733,0.0015872236417745773,0.001820693908200908,0.001820693908200908,0.001820693908200908,0.001768741843201377,0.0017378860121941913,0.0017378860121941913,0.0017378860121941913,timelimit,0,0,180.00375594384968,186.89893161200052
gcnn:baseline,2,small,../data/instances/cddesign/test/instance_61.lp,8797,15292,180.001732,0.0016187261126717994,0.0018142676802728021,0.0018089479982533819,0.0018089479982533819,0.0017708653666889502,0.0017642177383547788,0.0017445835466744853,0.0017442372555542412,timelimit,0,0,180.00175341963768,187.03921716500008
gcnn:baseline,4,small,../data/instances/cddesign/test/instance_61.lp,8259,14967,180.000161,0.0016247063452927701,0.0018020059770849895,0.0018020059770849895,0.0018020059770849895,0.0017849953175662653,0.0017849953175662653,0.0017849953175662653,0.0017849953175662653,timelimit,0,0,180.00018394738436,186.76534896500016
ml-competitor:svmrank_khalil,0,small,../data/instances/cddesign/test/instance_66.lp,602,4751,180.299904,0.0016837547352699651,0.0018099858913627294,0.0018015444503568202,0.0017724698338811293,0.001744427737477004,0.0017343842134030511,0.0017282107753732203,0.0017176867631198463,timelimit,0,0,180.29993235319853,180.3737109649992
ml-competitor:svmrank_khalil,2,small,../data/instances/cddesign/test/instance_66.lp,593,4666,180.014732,0.0017115610633397509,0.0018165365678234017,0.0018165365678234017,0.0017999525956237702,0.0017714383215194605,0.001755510696025064,0.001737768974469625,0.001737768974469625,timelimit,0,0,180.0147674791515,180.08747919000052
ml-competitor:svmrank_khalil,4,small,../data/instances/cddesign/test/instance_66.lp,592,4728,180.222112,0.0017772941210558028,0.001797818649684979,0.001788500912662458,0.0017772941210558028,0.0017772941210558028,0.0017772941210558028,0.0017772941210558028,0.0017772941210558028,timelimit,0,0,180.2221503853798,180.2899726830001
gcnn:baseline,0,small,../data/instances/cddesign/test/instance_66.lp,8573,15299,180.024924,0.001587038936224603,0.001820693908200908,0.001820693908200908,0.001820693908200908,0.001768741843201377,0.0017378860121941913,0.0017378860121941913,0.0017378860121941913,timelimit,0,0,180.02494774013758,187.22954325799947
gcnn:baseline,2,small,../data/instances/cddesign/test/instance_66.lp,8799,15294,180.005717,0.0016187261126717994,0.0018142676802728021,0.0018089479982533819,0.0018089479982533819,0.0017708653666889502,0.0017642177383547788,0.0017445835466744853,0.0017442372555542412,timelimit,0,0,180.0057381466031,187.25860862300033
gcnn:baseline,4,small,../data/instances/cddesign/test/instance_66.lp,8609,15537,180.006993,0.001623343510009274,0.0018020059770849895,0.0018020059770849895,0.0018020059770849895,0.0017849953175662653,0.0017849953175662653,0.0017849953175662653,0.0017849953175662653,timelimit,0,0,180.00702160410583,186.95904237600007
ml-competitor:svmrank_khalil,0,small,../data/instances/cddesign/test/instance_71.lp,589,4738,180.055939,0.001685243452786252,0.0018099858913627294,0.0018015444503568202,0.0017724698338811293,0.001744427737477004,0.0017343842134030511,0.0017282107753732203,0.0017176867631198463,timelimit,0,0,180.0559616535902,179.9802260230008
ml-competitor:svmrank_khalil,2,small,../data/instances/cddesign/test/instance_71.lp,594,4667,180.086196,0.0017115610633397509,0.0018165365678234017,0.0018165365678234017,0.0017999525956237702,0.0017714383215194605,0.001755510696025064,0.001737768974469625,0.001737768974469625,timelimit,0,0,180.08622794412076,180.07664144199953
ml-competitor:svmrank_khalil,4,small,../data/instances/cddesign/test/instance_71.lp,589,4725,180.020574,0.0017772941210558028,0.001797818649684979,0.001788500912662458,0.0017772941210558028,0.0017772941210558028,0.0017772941210558028,0.0017772941210558028,0.0017772941210558028,timelimit,0,0,180.02060947939754,180.08039890500004
gcnn:baseline,0,small,../data/instances/cddesign/test/instance_71.lp,8549,15275,180.006929,0.0015872036915973557,0.001820693908200908,0.001820693908200908,0.001820693908200908,0.001768741843201377,0.0017378860121941913,0.0017378860121941913,0.0017378860121941913,timelimit,0,0,180.00695486180484,186.87814758400054
gcnn:baseline,2,small,../data/instances/cddesign/test/instance_71.lp,9008,15520,180.008688,0.0016181655438642188,0.0018142676802728021,0.0018089479982533819,0.0018089479982533819,0.0017708653666889502,0.0017642177383547788,0.0017445835466744853,0.0017442372555542412,timelimit,0,0,180.008709711954,187.50028165500044
gcnn:baseline,4,small,../data/instances/cddesign/test/instance_71.lp,8872,15815,180.002247,0.0016207787350465744,0.0018020059770849895,0.0018020059770849895,0.0018020059770849895,0.0017849953175662653,0.0017849953175662653,0.0017849953175662653,0.0017849953175662653,timelimit,0,0,180.00227185711265,186.76371700500022
ml-competitor:svmrank_khalil,0,small,../data/instances/cddesign/test/instance_76.lp,573,4722,180.176614,0.001685243452786252,0.0018099858913627294,0.0018015444503568202,0.0017724698338811293,0.001744427737477004,0.0017343842134030511,0.0017282107753732203,0.0017176867631198463,timelimit,0,0,180.17664344795048,180.12875266899937
ml-competitor:svmrank_khalil,2,small,../data/instances/cddesign/test/instance_76.lp,595,4668,180.247836,0.0017115610633397509,0.0018165365678234017,0.0018165365678234017,0.0017999525956237702,0.0017714383215194605,0.001755510696025064,0.001737768974469625,0.001737768974469625,timelimit,0,0,180.247860847041,180.26474805799808
ml-competitor:svmrank_khalil,4,small,../data/instances/cddesign/test/instance_76.lp,579,4712,180.135152,0.0017772941210558028,0.001797818649684979,0.001788500912662458,0.0017772941210558028,0.0017772941210558028,0.0017772941210558028,0.0017772941210558028,0.0017772941210558028,timelimit,0,0,180.1351767089218,180.20706336499643
gcnn:baseline,0,small,../data/instances/cddesign/test/instance_76.lp,8684,15413,180.003627,0.0015867871736829462,0.001820693908200908,0.001820693908200908,0.001820693908200908,0.001768741843201377,0.0017378860121941913,0.0017378860121941913,0.0017378860121941913,timelimit,0,0,180.00366289168596,187.22212025699992
gcnn:baseline,2,small,../data/instances/cddesign/test/instance_76.lp,8992,15504,180.004211,0.0016181655438642188,0.0018142676802728021,0.0018089479982533819,0.0018089479982533819,0.0017708653666889502,0.0017642177383547788,0.0017445835466744853,0.0017442372555542412,timelimit,0,0,180.0042350590229,187.5078205969985
gcnn:baseline,4,small,../data/instances/cddesign/test/instance_76.lp,8785,15721,180.003695,0.0016208052599515623,0.0018020059770849895,0.0018020059770849895,0.0018020059770849895,0.0017849953175662653,0.0017849953175662653,0.0017849953175662653,0.0017849953175662653,timelimit,0,0,180.00371901504695,187.3681557279997
ml-competitor:svmrank_khalil,0,small,../data/instances/cddesign/test/instance_81.lp,607,4756,180.023925,0.0016837547352699651,0.0018099858913627294,0.0018015444503568202,0.0017724698338811293,0.001744427737477004,0.0017343842134030511,0.0017282107753732203,0.0017176867631198463,timelimit,0,0,180.02395914681256,180.0864071649994
ml-competitor:svmrank_khalil,2,small,../data/instances/cddesign/test/instance_81.lp,609,4682,180.168118,0.0017090798482391374,0.0018165365678234017,0.0018165365678234017,0.0017999525956237702,0.0017714383215194605,0.001755510696025064,0.001737768974469625,0.001737768974469625,timelimit,0,0,180.16815059818327,180.22834212499947
ml-competitor:svmrank_khalil,4,small,../data/instances/cddesign/test/instance_81.lp,600,4736,180.156052,0.0017772941210558028,0.001797818649684979,0.001788500912662458,0.0017772941210558028,0.0017772941210558028,0.0017772941210558028,0.0017772941210558028,0.0017772941210558028,timelimit,0,0,180.15607869438827,180.23629793500004
gcnn:baseline,0,small,../data/instances/cddesign/test/instance_81.lp,8735,15464,180.007097,0.0015867278942140112,0.001820693908200908,0.001820693908200908,0.001820693908200908,0.001768741843201377,0.0017378860121941913,0.0017378860121941913,0.0017378860121941913,timelimit,0,0,180.0071179047227,187.4561869169993
gcnn:baseline,2,small,../data/instances/cddesign/test/instance_81.lp,8722,15216,180.000493,0.0016187783744919253,0.0018142676802728021,0.0018089479982533819,0.0018089479982533819,0.0017708653666889502,0.0017642177383547788,0.0017445835466744853,0.0017442372555542412,timelimit,0,0,180.0005239676684,186.89106132500092
gcnn:baseline,4,small,../data/instances/cddesign/test/instance_81.lp,8494,15417,180.007306,0.0016238633080241866,0.0018020059770849895,0.0018020059770849895,0.0018020059770849895,0.0017849953175662653,0.0017849953175662653,0.0017849953175662653,0.0017849953175662653,timelimit,0,0,180.00732870213687,186.52660225599902
ml-competitor:svmrank_khalil,0,small,../data/instances/cddesign/test/instance_86.lp,597,4746,180.116701,0.001685243452786252,0.0018099858913627294,0.0018015444503568202,0.0017724698338811293,0.001744427737477004,0.0017343842134030511,0.0017282107753732203,0.0017176867631198463,timelimit,0,0,180.11672753468156,180.191115894002
ml-competitor:svmrank_khalil,2,small,../data/instances/cddesign/test/instance_86.lp,589,4661,180.205693,0.001725005997281858,0.0018165365678234017,0.0018165365678234017,0.0017999525956237702,0.0017714383215194605,0.001755510696025064,0.001737768974469625,0.001737768974469625,timelimit,0,0,180.205718787387,180.21682308599702
ml-competitor:svmrank_khalil,4,small,../data/instances/cddesign/test/instance_86.lp,604,4740,180.095604,0.0017772941210558028,0.001797818649684979,0.001788500912662458,0.0017772941210558028,0.0017772941210558028,0.0017772941210558028,0.0017772941210558028,0.0017772941210558028,timelimit,0,0,180.09562721662223,180.05319595000037
gcnn:baseline,0,small,../data/instances/cddesign/test/instance_86.lp,7975,14680,180.008913,0.0015901570749084458,0.001820693908200908,0.001820693908200908,0.001820693908200908,0.001768741843201377,0.0017378860121941913,0.0017378860121941913,0.0017378860121941913,timelimit,0,0,180.00893384031951,186.54017307200047
gcnn:baseline,2,small,../data/instances/cddesign/test/instance_86.lp,8225,14705,180.073068,0.001619933522627218,0.0018142676802728021,0.0018089479982533819,0.0018089479982533819,0.0017708653666889502,0.0017642177383547788,0.0017445835466744853,0.0017442372555542412,timelimit,0,0,180.07309318333864,187.02861084999677
gcnn:baseline,4,small,../data/instances/cddesign/test/instance_86.lp,8343,15068,180.00313,0.0016247063452927701,0.0018020059770849895,0.0018020059770849895,0.0018020059770849895,0.0017849953175662653,0.0017849953175662653,0.0017849953175662653,0.0017849953175662653,timelimit,0,0,180.00315903499722,186.9113658740025
ml-competitor:svmrank_khalil,0,small,../data/instances/cddesign/test/instance_91.lp,592,4741,180.007667,0.001685243452786252,0.0018099858913627294,0.0018015444503568202,0.0017724698338811293,0.001744427737477004,0.0017343842134030511,0.0017282107753732203,0.0017176867631198463,timelimit,0,0,180.00769530050457,179.97501798000303
ml-competitor:svmrank_khalil,2,small,../data/instances/cddesign/test/instance_91.lp,598,4671,180.22319,0.0017115610633397509,0.0018165365678234017,0.0018165365678234017,0.0017999525956237702,0.0017714383215194605,0.001755510696025064,0.001737768974469625,0.001737768974469625,timelimit,0,0,180.22322107292712,180.28713637399778
ml-competitor:svmrank_khalil,4,small,../data/instances/cddesign/test/instance_91.lp,593,4729,180.234917,0.0017772941210558028,0.001797818649684979,0.001788500912662458,0.0017772941210558028,0.0017772941210558028,0.0017772941210558028,0.0017772941210558028,0.0017772941210558028,timelimit,0,0,180.2349444348365,180.28939906699816
gcnn:baseline,0,small,../data/instances/cddesign/test/instance_91.lp,8190,14908,180.001485,0.0015885474304580943,0.001820693908200908,0.001820693908200908,0.001820693908200908,0.001768741843201377,0.0017378860121941913,0.0017378860121941913,0.0017378860121941913,timelimit,0,0,180.00151211209595,186.74599321200003
gcnn:baseline,2,small,../data/instances/cddesign/test/instance_91.lp,8477,14961,180.093364,0.0016189446560782824,0.0018142676802728021,0.0018089479982533819,0.0018089479982533819,0.0017708653666889502,0.0017642177383547788,0.0017445835466744853,0.0017442372555542412,timelimit,0,0,180.09340188279748,187.25004070000068
gcnn:baseline,4,small,../data/instances/cddesign/test/instance_91.lp,8346,15071,180.004954,0.0016247063452927701,0.0018020059770849895,0.0018020059770849895,0.0018020059770849895,0.0017849953175662653,0.0017849953175662653,0.0017849953175662653,0.0017849953175662653,timelimit,0,0,180.00498334690928,186.7544922039997
