policy,seed,type,instance,nnodes,nlps,stime,finalgap,50_gap,100_gap,200_gap,status,ndomchgs,ncutoffs,walltime,proctime
gcnn:baseline,20,small,data/instances/facilities/train_100_100_5/instance_1.lp,689,942,48.38,0.0,0.002370118794161359,0.0019882572117717774,0.0016603975145798157,optimal,0,0,48.934625627473,50.231414537999996
gcnn:baseline,40,small,data/instances/facilities/train_100_100_5/instance_1.lp,757,986,80.86,0.0,0.0020882388667777824,0.0020059731516324742,0.0018696100607401996,optimal,0,0,82.29633020609617,83.4655531
gcnn:baseline,60,small,data/instances/facilities/train_100_100_5/instance_1.lp,533,687,80.36,0.0,0.0020746622302516113,0.001973731931824573,0.0016707246233716967,optimal,0,0,81.80097042769194,82.87118875800002
gcnn:baseline,80,small,data/instances/facilities/train_100_100_5/instance_1.lp,527,664,42.76,0.0,0.0021524057850923427,0.0019042027865036628,0.0015015116544180927,optimal,0,0,43.26759413443506,44.457128049000005
gcnn:baseline,100,small,data/instances/facilities/train_100_100_5/instance_1.lp,557,736,43.76,0.0,0.0020594772999045353,0.0018990239705200668,0.0014401885866258605,optimal,0,0,44.16279214434326,45.37496834900003
gcnn:baseline,20,small,data/instances/facilities/train_100_100_5/instance_2.lp,307,471,33.97,0.0,0.0027017848343869407,0.0026598728843877165,0.0017237581692569632,optimal,0,0,34.150579273700714,35.204398810999976
gcnn:baseline,40,small,data/instances/facilities/train_100_100_5/instance_2.lp,307,473,41.04,0.0,0.0025140482489548967,0.0021647222199863035,0.0015488047315192547,optimal,0,0,41.19026866927743,42.19798744000002
gcnn:baseline,60,small,data/instances/facilities/train_100_100_5/instance_2.lp,261,415,39.32,0.0,0.002736522094680412,0.0023760836078287532,0.0015016463906330165,optimal,0,0,39.461155477911234,40.40385506499996
gcnn:baseline,80,small,data/instances/facilities/train_100_100_5/instance_2.lp,303,516,35.21,0.0,0.002770329646918538,0.0024242189069949073,0.0016783005612800027,optimal,0,0,35.30078214406967,36.368795422999995
gcnn:baseline,100,small,data/instances/facilities/train_100_100_5/instance_2.lp,321,535,36.57,0.0,0.002743251290517321,0.002381035532982981,0.0019271649503552438,optimal,0,0,36.65493131801486,37.71805745400002
gcnn:baseline,20,small,data/instances/facilities/train_100_100_5/instance_3.lp,99,238,17.8,0.0,0.0015832190774803438,0,0,optimal,0,0,17.559468664228916,18.44156037900001
gcnn:baseline,40,small,data/instances/facilities/train_100_100_5/instance_3.lp,125,289,18.63,0.0,0.001977543128922861,0.0009157444940123259,0,optimal,0,0,18.29672602005303,19.190671285999997
gcnn:baseline,60,small,data/instances/facilities/train_100_100_5/instance_3.lp,109,249,17.68,0.0,0.001887182347478934,0.00048307383070330686,0,optimal,0,0,17.38300721719861,18.27275432700003
gcnn:baseline,80,small,data/instances/facilities/train_100_100_5/instance_3.lp,111,298,18.94,0.0,0.001560958007986267,0.0005489133509615091,0,optimal,0,0,18.669631496071815,19.570182055000032
gcnn:baseline,100,small,data/instances/facilities/train_100_100_5/instance_3.lp,101,246,17.81,0.0,0.0015513126039785395,0,0,optimal,0,0,17.591410607099533,18.474293464000084
gcnn:baseline,20,small,data/instances/facilities/train_100_100_5/instance_4.lp,75,244,23.55,0.0,0.0009155032966580418,0,0,optimal,0,0,23.316183594986796,24.19355849100009
gcnn:baseline,40,small,data/instances/facilities/train_100_100_5/instance_4.lp,71,192,20.14,0.0,0.001854081239125444,0,0,optimal,0,0,19.865980979055166,20.730009993000067
gcnn:baseline,60,small,data/instances/facilities/train_100_100_5/instance_4.lp,75,218,25.51,0.0,0.0010364688832626163,0,0,optimal,0,0,25.41264859959483,26.284812566000028
gcnn:baseline,80,small,data/instances/facilities/train_100_100_5/instance_4.lp,75,171,24.51,0.0,0.0009330310792941025,0,0,optimal,0,0,24.292383674532175,25.145502433999923
gcnn:baseline,100,small,data/instances/facilities/train_100_100_5/instance_4.lp,73,222,29.26,0.0,0.0009478666568865152,0,0,optimal,0,0,29.214097706601024,30.052385493999964
gcnn:baseline,20,small,data/instances/facilities/train_100_100_5/instance_5.lp,89,192,13.51,0.0,0.0015299573511990906,0,0,optimal,0,0,13.202838145196438,14.035263880000002
gcnn:baseline,40,small,data/instances/facilities/train_100_100_5/instance_5.lp,113,257,16.11,0.0,0.00151125039164078,0.0005605237953637946,0,optimal,0,0,15.873894510790706,16.739397926000038
gcnn:baseline,60,small,data/instances/facilities/train_100_100_5/instance_5.lp,73,219,14.6,0.0,0,0,0,optimal,0,0,14.351369958370924,15.215000663999945
gcnn:baseline,80,small,data/instances/facilities/train_100_100_5/instance_5.lp,87,216,13.47,0.0,0.0006642521985446716,0,0,optimal,0,0,13.142386620864272,14.014582990000008
gcnn:baseline,100,small,data/instances/facilities/train_100_100_5/instance_5.lp,89,182,12.19,0.0,0.0011533528895799308,0,0,optimal,0,0,11.863046323880553,12.732192251000015
gcnn:baseline,20,small,data/instances/facilities/train_100_100_5/instance_6.lp,5,112,9.88,0.0,0,0,0,optimal,0,0,9.671850113198161,10.228515429000026
gcnn:baseline,40,small,data/instances/facilities/train_100_100_5/instance_6.lp,5,93,10.06,0.0,0,0,0,optimal,0,0,9.745425883680582,10.341070702000025
gcnn:baseline,60,small,data/instances/facilities/train_100_100_5/instance_6.lp,9,113,8.72,0.0,0,0,0,optimal,0,0,8.239668183028698,9.048682516999975
gcnn:baseline,80,small,data/instances/facilities/train_100_100_5/instance_6.lp,11,112,9.93,0.0,0,0,0,optimal,0,0,9.527420742437243,10.337208805999921
gcnn:baseline,100,small,data/instances/facilities/train_100_100_5/instance_6.lp,9,113,9.5,0.0,0,0,0,optimal,0,0,9.024142306298018,9.831817076000107
gcnn:baseline,20,small,data/instances/facilities/train_100_100_5/instance_7.lp,329,484,36.71,0.0,0.004132904406705365,0.0035922332629174047,0.003384645417105492,optimal,0,0,36.8293399810791,37.93104984499996
gcnn:baseline,40,small,data/instances/facilities/train_100_100_5/instance_7.lp,171,304,34.77,0.0,0.0023919899048873827,0.001483366079672142,0,optimal,0,0,35.08872268348932,35.99299823399997
gcnn:baseline,60,small,data/instances/facilities/train_100_100_5/instance_7.lp,193,307,32.11,0.0,0.0020984248277174326,0.0019839886790771213,0,optimal,0,0,32.041009180247784,32.93054443199992
gcnn:baseline,80,small,data/instances/facilities/train_100_100_5/instance_7.lp,249,391,33.17,0.0,0.003265534260898065,0.0029621837302082417,0.001132103657703952,optimal,0,0,33.34760261513293,34.36551937399997
gcnn:baseline,100,small,data/instances/facilities/train_100_100_5/instance_7.lp,304,475,37.2,0.0,0.00372411755394584,0.0031650356043540326,0.0016015735150611873,optimal,0,0,37.171611005440354,38.296240454999975
gcnn:baseline,20,small,data/instances/facilities/train_100_100_5/instance_8.lp,1041,1382,115.33,0.0,0.006295007036797137,0.004302970074039278,0.0038527871326372834,optimal,0,0,116.95241512171924,118.53326346600011
gcnn:baseline,40,small,data/instances/facilities/train_100_100_5/instance_8.lp,847,1285,130.72,0.0,0.003756166510634524,0.0036916674520930375,0.003066824264368054,optimal,0,0,132.88253173232079,134.0797284360001
gcnn:baseline,60,small,data/instances/facilities/train_100_100_5/instance_8.lp,991,1386,194.63,0.0,0.004158277294503357,0.0035874367945089485,0.003546300740298764,optimal,0,0,197.7969688512385,199.10618954100005
gcnn:baseline,80,small,data/instances/facilities/train_100_100_5/instance_8.lp,830,1017,137.49,0.0,0.0058918681120985,0.0043326450009628144,0.0039500691454465026,optimal,0,0,139.7057918999344,140.9109784719999
gcnn:baseline,100,small,data/instances/facilities/train_100_100_5/instance_8.lp,755,1244,151.2,0.0,0.005934563304392283,0.0054924452457498895,0.004922111128209871,optimal,0,0,154.0302916932851,155.192570725
gcnn:baseline,20,small,data/instances/facilities/train_100_100_5/instance_9.lp,57,111,19.19,0.0,0.0016292850509998886,0,0,optimal,0,0,18.897544277831912,19.71934413200006
gcnn:baseline,40,small,data/instances/facilities/train_100_100_5/instance_9.lp,77,180,20.53,0.0,0.00165654724316646,0,0,optimal,0,0,20.348398871719837,21.184062320000066
gcnn:baseline,60,small,data/instances/facilities/train_100_100_5/instance_9.lp,51,166,18.12,0.0,0,0,0,optimal,0,0,17.86352177336812,18.684210076
gcnn:baseline,80,small,data/instances/facilities/train_100_100_5/instance_9.lp,49,103,14.97,0.0,0,0,0,optimal,0,0,14.631645627319813,15.451742964000005
gcnn:baseline,100,small,data/instances/facilities/train_100_100_5/instance_9.lp,55,120,18.04,0.0,0.001841304005356369,0,0,optimal,0,0,17.808092143386602,18.638382826999987
gcnn:baseline,20,small,data/instances/facilities/train_100_100_5/instance_10.lp,49,157,12.12,0.0,0,0,0,optimal,0,0,11.745934437960386,12.569762239000056
gcnn:baseline,40,small,data/instances/facilities/train_100_100_5/instance_10.lp,41,145,10.04,0.0,0,0,0,optimal,0,0,9.598749050870538,10.430530234999878
gcnn:baseline,60,small,data/instances/facilities/train_100_100_5/instance_10.lp,39,161,10.53,0.0,0,0,0,optimal,0,0,10.02504300326109,10.85598127000003
gcnn:baseline,80,small,data/instances/facilities/train_100_100_5/instance_10.lp,45,163,11.42,0.0,0,0,0,optimal,0,0,10.993997750803828,11.83031966600015
gcnn:baseline,100,small,data/instances/facilities/train_100_100_5/instance_10.lp,44,152,10.49,0.0,0,0,0,optimal,0,0,9.994739647954702,10.830796646999943
gcnn:baseline,20,small,data/instances/facilities/train_100_100_5/instance_11.lp,1534,1925,162.68,0.0,0.006595069318611983,0.0060423082629455244,0.005677400249897354,optimal,0,0,165.72448796778917,167.3579777309999
gcnn:baseline,40,small,data/instances/facilities/train_100_100_5/instance_11.lp,1991,2311,196.35,0.0,0.007790615766080901,0.007110479780421393,0.00621232927594077,optimal,0,0,199.8749597799033,201.71654404900028
gcnn:baseline,60,small,data/instances/facilities/train_100_100_5/instance_11.lp,1552,1851,186.23,0.0,0.007085201593410566,0.006617222256289084,0.006123525788320741,optimal,0,0,189.00607501715422,190.93259368200006
gcnn:baseline,80,small,data/instances/facilities/train_100_100_5/instance_11.lp,1372,1689,150.15,0.0,0.007403467089088179,0.00696883257174088,0.006571718638997797,optimal,0,0,151.97751531936228,154.08971515400026
gcnn:baseline,100,small,data/instances/facilities/train_100_100_5/instance_11.lp,1080,1381,120.48,0.0,0.006713586037932607,0.006623110802914609,0.0054466039490466,optimal,0,0,123.03442159853876,124.54080873900011
gcnn:baseline,20,small,data/instances/facilities/train_100_100_5/instance_12.lp,21,120,16.41,0.0,0,0,0,optimal,0,0,16.02317303419113,16.846608043999822
gcnn:baseline,40,small,data/instances/facilities/train_100_100_5/instance_12.lp,35,155,21.92,0.0,0,0,0,optimal,0,0,21.710538236424327,22.53660416899993
gcnn:baseline,60,small,data/instances/facilities/train_100_100_5/instance_12.lp,61,175,26.22,0.0,0.0009433576115681853,0,0,optimal,0,0,26.124305330216885,26.963545375000194
gcnn:baseline,80,small,data/instances/facilities/train_100_100_5/instance_12.lp,39,121,19.86,0.0,0,0,0,optimal,0,0,19.54525462538004,20.38519092000024
gcnn:baseline,100,small,data/instances/facilities/train_100_100_5/instance_12.lp,39,134,17.67,0.0,0,0,0,optimal,0,0,17.303844487294555,18.142981768000027
gcnn:baseline,20,small,data/instances/facilities/train_100_100_5/instance_13.lp,265,448,43.85,0.0,0.002362099565097618,0.001980915929525907,0.0008098822228831423,optimal,0,0,44.298211643472314,45.33408767200035
gcnn:baseline,40,small,data/instances/facilities/train_100_100_5/instance_13.lp,233,414,40.15,0.0,0.0024105766374904374,0.0024105766374904374,0.0013619563085122293,optimal,0,0,40.37024381570518,41.37294410499999
gcnn:baseline,60,small,data/instances/facilities/train_100_100_5/instance_13.lp,245,406,45.71,0.0,0.002331800781967541,0.0020169469380626275,0.0009847193200799166,optimal,0,0,46.15125257335603,47.16624403500009
gcnn:baseline,80,small,data/instances/facilities/train_100_100_5/instance_13.lp,251,410,40.15,0.0,0.0022631438503657075,0.00187312262795158,0.0013019360980416617,optimal,0,0,40.51934949308634,41.53531805900002
gcnn:baseline,100,small,data/instances/facilities/train_100_100_5/instance_13.lp,283,452,62.15,0.0,0.002220336528889661,0.0017570014552644995,0.0012558556694984143,optimal,0,0,62.82398678921163,63.82457548000002
gcnn:baseline,20,small,data/instances/facilities/train_100_100_5/instance_14.lp,585,778,58.77,0.0,0.005399256479542482,0.005303023252367858,0.003840213093564341,optimal,0,0,59.529265843331814,60.67115001499997
gcnn:baseline,40,small,data/instances/facilities/train_100_100_5/instance_14.lp,1388,1850,108.68,0.0,0.005445004736064601,0.0052078798274411775,0.004311651801845656,optimal,0,0,110.07936366833746,111.63172841899996
gcnn:baseline,60,small,data/instances/facilities/train_100_100_5/instance_14.lp,709,950,53.97,0.0,0.004322532051690792,0.004059846124470086,0.0032277983353588722,optimal,0,0,54.53801524825394,55.7120550059999
gcnn:baseline,80,small,data/instances/facilities/train_100_100_5/instance_14.lp,1541,1871,116.2,0.0,0.006478513199594334,0.00551828577730579,0.004745239123009109,optimal,0,0,117.84787392802536,119.53673591500001
gcnn:baseline,100,small,data/instances/facilities/train_100_100_5/instance_14.lp,927,1155,67.8,0.0,0.005050107492607273,0.0046705861502245,0.004441741747260891,optimal,0,0,68.42852115631104,69.986808139
gcnn:baseline,20,small,data/instances/facilities/train_100_100_5/instance_15.lp,1101,1353,93.57,0.0,0.004678259816082758,0.0045177301018743034,0.004028125129385498,optimal,0,0,94.50074393115938,96.23127744800013
gcnn:baseline,40,small,data/instances/facilities/train_100_100_5/instance_15.lp,1149,1389,131.44,0.0,0.004643507199850792,0.004643507199850792,0.004027976911151623,optimal,0,0,133.46762893348932,135.05150470699982
gcnn:baseline,60,small,data/instances/facilities/train_100_100_5/instance_15.lp,929,1119,83.55,0.0,0.004300218447932229,0.004300218447932229,0.004300218447932229,optimal,0,0,84.62787016108632,86.17995512700008
gcnn:baseline,80,small,data/instances/facilities/train_100_100_5/instance_15.lp,1193,1418,106.64,0.0,0.004521743996763712,0.004521743996763712,0.0034701439741340405,optimal,0,0,108.41666867397726,110.179342808
gcnn:baseline,100,small,data/instances/facilities/train_100_100_5/instance_15.lp,1144,1393,103.91,0.0,0.0046782598160827575,0.0040783817731447815,0.003915216049986973,optimal,0,0,105.57338204979897,107.33461990700016
gcnn:baseline,20,small,data/instances/facilities/train_100_100_5/instance_16.lp,20303,22062,2161.27,0.0,0.01668890254086518,0.01596451213666252,0.009976495530502748,optimal,0,0,2193.4024577774107,2207.76473127
gcnn:baseline,40,small,data/instances/facilities/train_100_100_5/instance_16.lp,10470,11759,1033.73,0.0,0.017374298117891304,0.017245956279000278,0.010047568753770742,optimal,0,0,1048.1809779964387,1057.1921257840004
gcnn:baseline,60,small,data/instances/facilities/train_100_100_5/instance_16.lp,13761,15211,1356.23,0.0,0.015903197773350614,0.0103873753665538,0.009370433915059304,optimal,0,0,1373.8608648255467,1387.9080003689996
gcnn:baseline,80,small,data/instances/facilities/train_100_100_5/instance_16.lp,8406,9254,820.78,0.0,0.015916234626579737,0.010031537854943115,0.008889446071588241,optimal,0,0,834.0578625276685,840.2518118459993
gcnn:baseline,100,small,data/instances/facilities/train_100_100_5/instance_16.lp,20405,22659,2328.47,0.0,0.01707255190573426,0.01372388063169941,0.012774907565382335,optimal,0,0,2363.8064991123974,2378.588806425001
gcnn:baseline,20,small,data/instances/facilities/train_100_100_5/instance_17.lp,73,218,12.9,0.0,0.0008062034374028046,0,0,optimal,0,0,12.529846597462893,13.385759473998405
gcnn:baseline,40,small,data/instances/facilities/train_100_100_5/instance_17.lp,61,161,9.94,0.0,0.00034600856015105106,0,0,optimal,0,0,9.503756646066904,10.349315761999605
gcnn:baseline,60,small,data/instances/facilities/train_100_100_5/instance_17.lp,45,159,11.25,0.0,0,0,0,optimal,0,0,10.765619384124875,11.601371701999597
gcnn:baseline,80,small,data/instances/facilities/train_100_100_5/instance_17.lp,47,177,11.86,0.0,0,0,0,optimal,0,0,11.402568547055125,12.238084491000336
gcnn:baseline,100,small,data/instances/facilities/train_100_100_5/instance_17.lp,55,164,12.97,0.0,0,0,0,optimal,0,0,12.568660022690892,13.413603633000093
gcnn:baseline,20,small,data/instances/facilities/train_100_100_5/instance_18.lp,87,243,24.3,0.0,0.0020311134476662896,0,0,optimal,0,0,24.081644078716636,24.9685454520004
gcnn:baseline,40,small,data/instances/facilities/train_100_100_5/instance_18.lp,71,219,22.28,0.0,0.002145919659926536,0,0,optimal,0,0,22.02519373036921,22.88599824099947
gcnn:baseline,60,small,data/instances/facilities/train_100_100_5/instance_18.lp,63,182,18.15,0.0,0.00262225865083531,0,0,optimal,0,0,17.804970867931843,18.658686500999465
gcnn:baseline,80,small,data/instances/facilities/train_100_100_5/instance_18.lp,97,225,20.68,0.0,0.0025333557208261632,0,0,optimal,0,0,20.535829281434417,21.439012712000476
gcnn:baseline,100,small,data/instances/facilities/train_100_100_5/instance_18.lp,63,181,20.31,0.0,0.0006394792266174832,0,0,optimal,0,0,20.02962062880397,20.88410956000007
gcnn:baseline,20,small,data/instances/facilities/train_100_100_5/instance_19.lp,393,477,51.08,0.0,0.004583468617921899,0.004432711090606668,0.003987367531028261,optimal,0,0,51.644928991794586,52.76230050400045
gcnn:baseline,40,small,data/instances/facilities/train_100_100_5/instance_19.lp,369,472,44.97,0.0,0.005206532768433472,0.005206532768433472,0.0031794222792638155,optimal,0,0,45.45602313987911,46.552086208999754
gcnn:baseline,60,small,data/instances/facilities/train_100_100_5/instance_19.lp,373,488,47.34,0.0,0.004471305941572251,0.004257845518401315,0.003994897329336461,optimal,0,0,47.910266833379865,49.01889180499893
gcnn:baseline,80,small,data/instances/facilities/train_100_100_5/instance_19.lp,369,480,49.38,0.0,0.0035969830386955452,0.0032222464597047784,0.0020386832610520406,optimal,0,0,50.04291398450732,51.14541548200032
gcnn:baseline,100,small,data/instances/facilities/train_100_100_5/instance_19.lp,365,484,47.78,0.0,0.0036503474154937748,0.0036503474154937748,0.0018082171437534818,optimal,0,0,48.40747109986842,49.507464877999155
gcnn:baseline,20,small,data/instances/facilities/train_100_100_5/instance_20.lp,235,399,29.33,0.0,0.0017389072511721662,0.0016038685349348853,0.0011610467672687058,optimal,0,0,29.368364242836833,30.35722602200076
gcnn:baseline,40,small,data/instances/facilities/train_100_100_5/instance_20.lp,171,289,24.82,0.0,0.001813750544553903,0.0016440233800641408,0,optimal,0,0,24.628225153312087,25.566005661999952
gcnn:baseline,60,small,data/instances/facilities/train_100_100_5/instance_20.lp,173,287,21.67,0.0,0.001221713491040969,0.001088959911166307,0,optimal,0,0,21.441373605281115,22.377250429000924
gcnn:baseline,80,small,data/instances/facilities/train_100_100_5/instance_20.lp,155,272,22.77,0.0,0.0016106294239319483,0.0012792321338087039,0,optimal,0,0,22.57472918368876,23.496580253999127
gcnn:baseline,100,small,data/instances/facilities/train_100_100_5/instance_20.lp,177,344,26.0,0.0,0.0017124464665279925,0.0016288158870467128,0,optimal,0,0,25.855534829199314,26.800279422999665
gcnn:baseline,20,small,data/instances/facilities/train_100_100_5/instance_21.lp,113,239,21.63,0.0,0.0018758043578452229,0.0008227051812791847,0,optimal,0,0,21.493099404498935,22.38382085199919
gcnn:baseline,40,small,data/instances/facilities/train_100_100_5/instance_21.lp,135,307,28.51,0.0,0.0017782265865338702,0,0,optimal,0,0,28.46769404411316,29.380334742998457
gcnn:baseline,60,small,data/instances/facilities/train_100_100_5/instance_21.lp,129,243,23.16,0.0,0.0019397014771428058,0.00031592998517441297,0,optimal,0,0,23.027972543612123,23.9326927660004
gcnn:baseline,80,small,data/instances/facilities/train_100_100_5/instance_21.lp,76,193,21.12,0.0,0.0013693666031856305,0,0,optimal,0,0,21.00948603823781,21.880161307999515
gcnn:baseline,100,small,data/instances/facilities/train_100_100_5/instance_21.lp,105,237,24.72,0.0,0.0007652792875726499,0,0,optimal,0,0,24.716224048286676,25.611684123001396
gcnn:baseline,20,small,data/instances/facilities/train_100_100_5/instance_22.lp,59,171,20.05,0.0,0.0016116275153973134,0,0,optimal,0,0,19.783625598996878,20.63785023299897
gcnn:baseline,40,small,data/instances/facilities/train_100_100_5/instance_22.lp,149,322,31.74,0.0,0.0033957201307021523,0.0020245176203689224,0,optimal,0,0,31.709238877519965,32.643464645001586
gcnn:baseline,60,small,data/instances/facilities/train_100_100_5/instance_22.lp,71,163,22.55,0.0,0.0015146965597252259,0,0,optimal,0,0,22.366269232705235,23.233470119999765
gcnn:baseline,80,small,data/instances/facilities/train_100_100_5/instance_22.lp,83,222,27.81,0.0,0.0013310134108440524,0,0,optimal,0,0,27.62452137283981,28.504495842000324
gcnn:baseline,100,small,data/instances/facilities/train_100_100_5/instance_22.lp,75,234,29.21,0.0,0.001066423882511545,0,0,optimal,0,0,29.088466880843043,29.963904503998492
gcnn:baseline,20,small,data/instances/facilities/train_100_100_5/instance_23.lp,1769,2002,173.99,0.0,0.005180820164915497,0.005180820164915497,0.005031138018363117,optimal,0,0,176.63785422034562,178.90141163999942
gcnn:baseline,40,small,data/instances/facilities/train_100_100_5/instance_23.lp,1877,2203,226.2,0.0,0.004740997561355529,0.004592745870711797,0.004375602446592264,optimal,0,0,229.54700614511967,231.91408176299956
gcnn:baseline,60,small,data/instances/facilities/train_100_100_5/instance_23.lp,2132,2593,233.19,0.0,0.006672169187268963,0.006083856283593579,0.005660182504536016,optimal,0,0,237.16216956079006,239.88828875200124
gcnn:baseline,80,small,data/instances/facilities/train_100_100_5/instance_23.lp,2671,2930,260.63,0.0,0.005192675112386221,0.005040761429221213,0.005040761429221213,optimal,0,0,264.7114093564451,267.75377785300043
gcnn:baseline,100,small,data/instances/facilities/train_100_100_5/instance_23.lp,2242,2573,274.22,0.0,0.005949523084697981,0.005585269438854358,0.005582148030181929,optimal,0,0,278.39593875966966,281.17440670500037
gcnn:baseline,20,small,data/instances/facilities/train_100_100_5/instance_24.lp,147,277,19.85,0.0,0.0019098193062802378,0.0012417763096792273,0,optimal,0,0,19.7054970767349,20.62550343300063
gcnn:baseline,40,small,data/instances/facilities/train_100_100_5/instance_24.lp,153,257,17.21,0.0,0.0024840078248493528,0.001139297808269323,0,optimal,0,0,17.017792899161577,17.9433869530003
gcnn:baseline,60,small,data/instances/facilities/train_100_100_5/instance_24.lp,157,275,16.88,0.0,0.00176874759202649,0.0013834011798394279,0,optimal,0,0,16.47442888841033,17.39762974399855
gcnn:baseline,80,small,data/instances/facilities/train_100_100_5/instance_24.lp,129,240,15.81,0.0,0.0013035854818945322,0.00016534814654804733,0,optimal,0,0,15.56160431727767,16.430428216999644
gcnn:baseline,100,small,data/instances/facilities/train_100_100_5/instance_24.lp,145,276,18.54,0.0,0.0017622104776779028,0.0009495198517749116,0,optimal,0,0,18.33726711757481,19.216306614000132
gcnn:baseline,20,small,data/instances/facilities/train_100_100_5/instance_25.lp,115,294,28.17,0.0,0.0026773432941199836,0.0014393453866162812,0,optimal,0,0,28.173887595534325,29.04735301999972
gcnn:baseline,40,small,data/instances/facilities/train_100_100_5/instance_25.lp,139,278,31.11,0.0,0.0028828425872260166,0.0019255668807490606,0,optimal,0,0,30.9591721650213,31.875590638001086
gcnn:baseline,60,small,data/instances/facilities/train_100_100_5/instance_25.lp,143,278,27.27,0.0,0.0030714057228727067,0.002061419988494677,0,optimal,0,0,27.130726316943765,28.050390222000715
gcnn:baseline,80,small,data/instances/facilities/train_100_100_5/instance_25.lp,109,265,28.16,0.0,0.0029722040943445985,0,0,optimal,0,0,28.01047693565488,28.90528695300054
gcnn:baseline,100,small,data/instances/facilities/train_100_100_5/instance_25.lp,101,273,28.96,0.0,0.0023115183148959867,0,0,optimal,0,0,28.802555412054062,29.698710611000934
gcnn:baseline,20,small,data/instances/facilities/train_100_100_5/instance_26.lp,331,491,29.2,0.0,0.0017498436460713284,0.001601146936465431,0.001420218453978903,optimal,0,0,29.276834240183234,30.3287818280005
gcnn:baseline,40,small,data/instances/facilities/train_100_100_5/instance_26.lp,333,504,32.12,0.0,0.0019344927030312317,0.001842873205011191,0.001181656808494821,optimal,0,0,32.01274814270437,33.0666272920007
gcnn:baseline,60,small,data/instances/facilities/train_100_100_5/instance_26.lp,327,450,30.4,0.0,0.0021728874979874625,0.0018019640773016845,0.00174881802794914,optimal,0,0,30.41862292215228,31.46958606500084
gcnn:baseline,80,small,data/instances/facilities/train_100_100_5/instance_26.lp,315,440,29.25,0.0,0.0019086627086244618,0.0019086627086244618,0.001444266518720019,optimal,0,0,29.402766287326813,30.44185157799984
gcnn:baseline,100,small,data/instances/facilities/train_100_100_5/instance_26.lp,307,419,28.56,0.0,0.0020901499997699018,0.00180017495419706,0.0016179989984559133,optimal,0,0,28.67720489948988,29.726813545001278
gcnn:baseline,20,small,data/instances/facilities/train_100_100_5/instance_27.lp,123,264,16.15,0.0,0.001552939444421983,0.0007708111978510394,0,optimal,0,0,15.903135741129518,16.801621956001327
gcnn:baseline,40,small,data/instances/facilities/train_100_100_5/instance_27.lp,89,206,14.21,0.0,0.0011943853827676729,0,0,optimal,0,0,13.769739462062716,14.642202953000378
gcnn:baseline,60,small,data/instances/facilities/train_100_100_5/instance_27.lp,81,192,14.02,0.0,0.0012651364365954285,0,0,optimal,0,0,13.652241798117757,14.517061148999346
gcnn:baseline,80,small,data/instances/facilities/train_100_100_5/instance_27.lp,103,242,16.01,0.0,0.0015130580499146445,0,0,optimal,0,0,15.640351509675384,16.536089941000682
gcnn:baseline,100,small,data/instances/facilities/train_100_100_5/instance_27.lp,93,245,19.35,0.0,0.0011119820664685829,0,0,optimal,0,0,19.20492860302329,20.084873365998646
gcnn:baseline,20,small,data/instances/facilities/train_100_100_5/instance_28.lp,614,915,110.82,0.0,0.005129259609793975,0.004567004929747491,0.0038242567825457394,optimal,0,0,112.35032352246344,113.70499847599967
gcnn:baseline,40,small,data/instances/facilities/train_100_100_5/instance_28.lp,682,961,109.36,0.0,0.0054589044248256014,0.004416488836594958,0.0038473195601631464,optimal,0,0,111.0445667412132,112.45050403300047
gcnn:baseline,60,small,data/instances/facilities/train_100_100_5/instance_28.lp,739,1012,107.43,0.0,0.0047782398367291765,0.004660367670963178,0.0036441935839198894,optimal,0,0,108.60923611931503,110.06192097600069
gcnn:baseline,80,small,data/instances/facilities/train_100_100_5/instance_28.lp,529,773,97.6,0.0,0.004643972798553129,0.003960241831085028,0.0032922454624530148,optimal,0,0,98.41961843892932,99.69086279899966
gcnn:baseline,100,small,data/instances/facilities/train_100_100_5/instance_28.lp,669,930,93.47,0.0,0.005518791747796368,0.004460680129954351,0.004163153247722491,optimal,0,0,94.83763154782355,96.22304408200034
gcnn:baseline,20,small,data/instances/facilities/train_100_100_5/instance_29.lp,141,262,21.7,0.0,0.001436721125578597,0.0013231528913811386,0,optimal,0,0,21.49162937141955,22.41055600099935
gcnn:baseline,40,small,data/instances/facilities/train_100_100_5/instance_29.lp,145,262,26.5,0.0,0.0015973783363844418,0.0013349061953969582,0,optimal,0,0,26.441774556413293,27.36743168999965
gcnn:baseline,60,small,data/instances/facilities/train_100_100_5/instance_29.lp,205,321,23.19,0.0,0.0017214206670340799,0.0017214206670340799,0,optimal,0,0,23.092977730557323,24.061924849000206
gcnn:baseline,80,small,data/instances/facilities/train_100_100_5/instance_29.lp,133,243,26.35,0.0,0.0015305235597719096,0.0008165168611401243,0,optimal,0,0,26.42891944758594,27.34489588500037
gcnn:baseline,100,small,data/instances/facilities/train_100_100_5/instance_29.lp,110,223,21.97,0.0,0.0013878517452089467,0.0010174178077696045,0,optimal,0,0,21.8275006134063,22.724120377999498
gcnn:baseline,20,small,data/instances/facilities/train_100_100_5/instance_30.lp,109,266,29.71,0.0,0.0015474619327263816,0.0006808632172048946,0,optimal,0,0,29.6485392767936,30.550292984999032
gcnn:baseline,40,small,data/instances/facilities/train_100_100_5/instance_30.lp,165,341,32.13,0.0,0.002326908305324929,0.0018221962249651879,0,optimal,0,0,32.022886492311954,32.968524011001136
gcnn:baseline,60,small,data/instances/facilities/train_100_100_5/instance_30.lp,187,369,38.34,0.0,0.0024102593254233884,0.0019025838606142019,0,optimal,0,0,38.39487178809941,39.351524229999995
gcnn:baseline,80,small,data/instances/facilities/train_100_100_5/instance_30.lp,123,304,29.84,0.0,0.0016364321874951903,0.0013937092839291108,0,optimal,0,0,29.74075740389526,30.617283335999673
gcnn:baseline,100,small,data/instances/facilities/train_100_100_5/instance_30.lp,147,270,32.55,0.0,0.0018486448897168375,0.0012663258255632135,0,optimal,0,0,32.5056992713362,33.39251675599917
gcnn:baseline,20,small,data/instances/facilities/train_100_100_5/instance_31.lp,117,242,18.85,0.0,0.0013460595943759791,0.0010740194327850427,0,optimal,0,0,18.599762143567204,19.46360720800112
gcnn:baseline,40,small,data/instances/facilities/train_100_100_5/instance_31.lp,111,242,22.98,0.0,0.0012102437385856026,0.0003570407581914022,0,optimal,0,0,22.927143413573503,23.791567233000023
gcnn:baseline,60,small,data/instances/facilities/train_100_100_5/instance_31.lp,117,234,19.54,0.0,0.0016632028565432366,0.0006268842549985567,0,optimal,0,0,19.23057788051665,20.091214447998937
gcnn:baseline,80,small,data/instances/facilities/train_100_100_5/instance_31.lp,155,310,26.16,0.0,0.0013732788704784865,0.0011140898384606889,0,optimal,0,0,26.139214588329196,27.0268919859991
gcnn:baseline,100,small,data/instances/facilities/train_100_100_5/instance_31.lp,137,263,21.57,0.0,0.0015301892132460594,0.001108880519687936,0,optimal,0,0,21.345042280852795,22.252278525000293
gcnn:baseline,20,small,data/instances/facilities/train_100_100_5/instance_32.lp,17,119,14.34,0.0,0,0,0,optimal,0,0,14.086564177647233,14.901563977999103
gcnn:baseline,40,small,data/instances/facilities/train_100_100_5/instance_32.lp,33,108,15.76,0.0,0,0,0,optimal,0,0,15.393866708502173,16.221189457000946
gcnn:baseline,60,small,data/instances/facilities/train_100_100_5/instance_32.lp,23,176,16.56,0.0,0,0,0,optimal,0,0,16.289914067834616,17.10605651700098
gcnn:baseline,80,small,data/instances/facilities/train_100_100_5/instance_32.lp,25,148,14.15,0.0,0,0,0,optimal,0,0,13.736720560118556,14.55850808499963
gcnn:baseline,100,small,data/instances/facilities/train_100_100_5/instance_32.lp,27,124,13.64,0.0,0,0,0,optimal,0,0,13.225994378328323,14.047297237999373
gcnn:baseline,20,small,data/instances/facilities/train_100_100_5/instance_33.lp,19,126,10.16,0.0,0,0,0,optimal,0,0,9.650369700044394,10.467298929999743
gcnn:baseline,40,small,data/instances/facilities/train_100_100_5/instance_33.lp,15,117,9.86,0.0,0,0,0,optimal,0,0,9.33967292867601,10.151441826999871
gcnn:baseline,60,small,data/instances/facilities/train_100_100_5/instance_33.lp,17,58,7.95,0.0,0,0,0,optimal,0,0,7.379392134025693,8.191264176999539
gcnn:baseline,80,small,data/instances/facilities/train_100_100_5/instance_33.lp,25,108,10.3,0.0,0,0,0,optimal,0,0,9.82038370333612,10.639829458999884
gcnn:baseline,100,small,data/instances/facilities/train_100_100_5/instance_33.lp,27,134,10.2,0.0,0,0,0,optimal,0,0,9.708742748945951,10.52816250000069
gcnn:baseline,20,small,data/instances/facilities/train_100_100_5/instance_34.lp,421,570,38.65,0.0,0.004020312773975145,0.004020312773975145,0.003327276398575312,optimal,0,0,38.87195956707001,40.00288036699931
gcnn:baseline,40,small,data/instances/facilities/train_100_100_5/instance_34.lp,447,613,42.55,0.0,0.0035937806696309934,0.0030321713901510206,0.002368394877517437,optimal,0,0,42.78078295662999,43.94476286899953
gcnn:baseline,60,small,data/instances/facilities/train_100_100_5/instance_34.lp,321,474,41.77,0.0,0.003099352269535741,0.002594531998904789,0.0022546712281014984,optimal,0,0,41.901398438960314,43.02471256699937
gcnn:baseline,80,small,data/instances/facilities/train_100_100_5/instance_34.lp,329,443,34.78,0.0,0.003957304275536717,0.0038479318844974316,0.0027657494194920176,optimal,0,0,34.88826394453645,35.956828997999764
gcnn:baseline,100,small,data/instances/facilities/train_100_100_5/instance_34.lp,343,586,47.86,0.0,0.002411029557220518,0.002025034701827354,0.0016621836453306878,optimal,0,0,48.34631462395191,49.43521838699962
gcnn:baseline,20,small,data/instances/facilities/train_100_100_5/instance_35.lp,1653,2017,201.73,0.0,0.012176643562189182,0.011997650235713836,0.010676024994032815,optimal,0,0,204.36186072975397,206.9644907590009
gcnn:baseline,40,small,data/instances/facilities/train_100_100_5/instance_35.lp,1914,2310,193.34,0.0,0.011038357461148443,0.007301355319541757,0.0072604477586587545,optimal,0,0,196.2201381959021,198.63999413900092
gcnn:baseline,60,small,data/instances/facilities/train_100_100_5/instance_35.lp,2458,2898,279.38,0.0,0.014224258681533536,0.014224258681533536,0.012532606364919532,optimal,0,0,283.8914847970009,286.75959534400135
gcnn:baseline,80,small,data/instances/facilities/train_100_100_5/instance_35.lp,1623,2057,199.85,0.0,0.009563562039232991,0.009466684659199446,0.009466684659199446,optimal,0,0,203.35309425368905,205.19007012099974
gcnn:baseline,100,small,data/instances/facilities/train_100_100_5/instance_35.lp,1367,1778,170.71,0.0,0.010141261528258234,0.010141261528258234,0.008576574812584144,optimal,0,0,173.67928679846227,175.46342818099947
gcnn:baseline,20,small,data/instances/facilities/train_100_100_5/instance_36.lp,711,935,77.51,0.0,0.003895922938606953,0.0035995856140523513,0.0035995856140523513,optimal,0,0,78.81950177252293,79.99538888900133
gcnn:baseline,40,small,data/instances/facilities/train_100_100_5/instance_36.lp,927,1159,94.36,0.0,0.00511043590376478,0.004721838920049202,0.004517691381905748,optimal,0,0,95.73529224097729,97.03498089499772
gcnn:baseline,60,small,data/instances/facilities/train_100_100_5/instance_36.lp,622,829,70.19,0.0,0.0036897309334757355,0.003680688016922743,0.0036631885958440863,optimal,0,0,70.9619002379477,72.10018733499965
gcnn:baseline,80,small,data/instances/facilities/train_100_100_5/instance_36.lp,903,1214,98.5,0.0,0.004384270897024916,0.004238089431862123,0.003541176257486935,optimal,0,0,99.9867659136653,101.27962020900304
gcnn:baseline,100,small,data/instances/facilities/train_100_100_5/instance_36.lp,973,1235,102.83,0.0,0.004610677479191593,0.004610677479191593,0.004566664031386952,optimal,0,0,104.72580840811133,106.05428938600016
gcnn:baseline,20,small,data/instances/facilities/train_100_100_5/instance_37.lp,79,188,21.56,0.0,0.0016566784387405348,0,0,optimal,0,0,21.400812150910497,22.2510703140033
gcnn:baseline,40,small,data/instances/facilities/train_100_100_5/instance_37.lp,123,226,23.94,0.0,0.0018584754015783073,0.0008839942256233118,0,optimal,0,0,23.72879525460303,24.600686297999346
gcnn:baseline,60,small,data/instances/facilities/train_100_100_5/instance_37.lp,85,199,22.57,0.0,0.0010465079307379029,0,0,optimal,0,0,22.297251308336854,23.150442815000133
gcnn:baseline,80,small,data/instances/facilities/train_100_100_5/instance_37.lp,77,178,19.25,0.0,0.0010489159809483934,0,0,optimal,0,0,19.007503919303417,19.854302671999903
gcnn:baseline,100,small,data/instances/facilities/train_100_100_5/instance_37.lp,93,241,28.12,0.0,0.0010095591746464819,0,0,optimal,0,0,27.997780414298177,28.85868831100015
gcnn:baseline,20,small,data/instances/facilities/train_100_100_5/instance_38.lp,235,376,28.02,0.0,0.002015897150858646,0.001664060512380072,0.0011334549274235597,optimal,0,0,28.13810500316322,29.06435438000335
gcnn:baseline,40,small,data/instances/facilities/train_100_100_5/instance_38.lp,205,331,30.22,0.0,0.0023551031583809463,0.0017721491533551864,0.0006047197409022342,optimal,0,0,30.28350181877613,31.196695421996992
gcnn:baseline,60,small,data/instances/facilities/train_100_100_5/instance_38.lp,233,360,33.91,0.0,0.0019106463178039021,0.0016740806059047987,0.0009786858121701807,optimal,0,0,34.052170718088746,34.98167460100012
gcnn:baseline,80,small,data/instances/facilities/train_100_100_5/instance_38.lp,219,360,31.27,0.0,0.0021104553100142007,0.0016645782600237173,0.00032413325741729245,optimal,0,0,31.427958991378546,32.34782620799888
gcnn:baseline,100,small,data/instances/facilities/train_100_100_5/instance_38.lp,185,320,27.42,0.0,0.002076045361321939,0.002076045361321939,0,optimal,0,0,27.51413817703724,28.417193247001705
gcnn:baseline,20,small,data/instances/facilities/train_100_100_5/instance_39.lp,187,314,27.54,0.0,0.0025608371200269535,0.0023392793004014794,0,optimal,0,0,27.518698608502746,28.43973446200107
gcnn:baseline,40,small,data/instances/facilities/train_100_100_5/instance_39.lp,114,274,23.63,0.0,0.002306309885887884,0.00047725573391215793,0,optimal,0,0,23.462036050856113,24.327944770000613
gcnn:baseline,60,small,data/instances/facilities/train_100_100_5/instance_39.lp,101,261,23.73,0.0,0.002152902816157921,0,0,optimal,0,0,23.521315502002835,24.39672324899948
gcnn:baseline,80,small,data/instances/facilities/train_100_100_5/instance_39.lp,261,360,23.81,0.0,0.002466805983180045,0.0024327389040787197,0.0018956186022436774,optimal,0,0,23.5594940520823,24.557298840998556
gcnn:baseline,100,small,data/instances/facilities/train_100_100_5/instance_39.lp,105,240,23.12,0.0,0.002284432976136138,0.00023521188699223474,0,optimal,0,0,22.922678526490927,23.81616580300033
gcnn:baseline,20,small,data/instances/facilities/train_100_100_5/instance_40.lp,143,290,22.01,0.0,0.0015219077271932337,0.0011056963883979201,0,optimal,0,0,21.86998127773404,22.790046729001915
gcnn:baseline,40,small,data/instances/facilities/train_100_100_5/instance_40.lp,219,342,30.59,0.0,0.0022510001278372963,0.0022510001278372963,0.001256795622750745,optimal,0,0,30.5080053396523,31.492295678999653
gcnn:baseline,60,small,data/instances/facilities/train_100_100_5/instance_40.lp,187,330,26.49,0.0,0.0016353388317075436,0.0014193594644620567,0,optimal,0,0,26.385452257469296,27.344220975002827
gcnn:baseline,80,small,data/instances/facilities/train_100_100_5/instance_40.lp,213,375,33.37,0.0,0.005151880662098013,0.0024645547905368516,0,optimal,0,0,33.34851964563131,34.34850300399921
gcnn:baseline,100,small,data/instances/facilities/train_100_100_5/instance_40.lp,149,291,23.13,0.0,0.0016257428911562774,0.0011430028148080545,0,optimal,0,0,23.022323060780764,23.948847495001246
gcnn:baseline,20,small,data/instances/facilities/train_100_100_5/instance_41.lp,149,248,20.94,0.0,0.002482334374683444,0.001645918675109072,0,optimal,0,0,20.672283353284,21.596973222000088
gcnn:baseline,40,small,data/instances/facilities/train_100_100_5/instance_41.lp,167,277,20.32,0.0,0.0021614972501096488,0.0017533474175675833,0,optimal,0,0,20.077305929735303,21.01113932500084
gcnn:baseline,60,small,data/instances/facilities/train_100_100_5/instance_41.lp,179,284,25.92,0.0,0.0025654428463259622,0.0021093300592395386,0,optimal,0,0,25.738276766613126,26.687985486001708
gcnn:baseline,80,small,data/instances/facilities/train_100_100_5/instance_41.lp,151,237,17.53,0.0,0.0028254606086909554,0.001312692045748548,0,optimal,0,0,17.349491180852056,18.27103339599853
gcnn:baseline,100,small,data/instances/facilities/train_100_100_5/instance_41.lp,113,217,19.65,0.0,0.002080100226892887,0.0010859419873681725,0,optimal,0,0,19.43590422347188,20.333187296000688
gcnn:baseline,20,small,data/instances/facilities/train_100_100_5/instance_42.lp,347,514,48.0,0.0,0.002835263888949943,0.002191003940261729,0.0015897045277693813,optimal,0,0,48.41890776157379,49.52420184700168
gcnn:baseline,40,small,data/instances/facilities/train_100_100_5/instance_42.lp,397,563,56.2,0.0,0.0026974972460600526,0.002632304741154964,0.001894223374464229,optimal,0,0,56.913136061280966,58.123450432001846
gcnn:baseline,60,small,data/instances/facilities/train_100_100_5/instance_42.lp,384,549,51.38,0.0,0.0026485734913028088,0.002539317475537043,0.0014309640561895863,optimal,0,0,51.89187963679433,53.01943197400033
gcnn:baseline,80,small,data/instances/facilities/train_100_100_5/instance_42.lp,415,553,49.89,0.0,0.0032353613202385553,0.0025670339059806705,0.0016409589279433284,optimal,0,0,50.282819885760546,51.424228471998504
gcnn:baseline,100,small,data/instances/facilities/train_100_100_5/instance_42.lp,355,492,43.49,0.0,0.0028250880903001765,0.0022057541880680306,0.0016708341699674608,optimal,0,0,43.98514140211046,45.0746180419992
gcnn:baseline,20,small,data/instances/facilities/train_100_100_5/instance_43.lp,3,34,9.01,0.0,0,0,0,optimal,0,0,8.985499568283558,9.392915002998052
gcnn:baseline,40,small,data/instances/facilities/train_100_100_5/instance_43.lp,3,38,9.34,0.0,0,0,0,optimal,0,0,9.320588510483503,9.72794780500044
gcnn:baseline,60,small,data/instances/facilities/train_100_100_5/instance_43.lp,3,34,8.24,0.0,0,0,0,optimal,0,0,8.127937635406852,8.534335636999458
gcnn:baseline,80,small,data/instances/facilities/train_100_100_5/instance_43.lp,9,122,11.74,0.0,0,0,0,optimal,0,0,11.294236708432436,12.104168784000649
gcnn:baseline,100,small,data/instances/facilities/train_100_100_5/instance_43.lp,5,44,9.43,0.0,0,0,0,optimal,0,0,9.318665450438857,9.78804181400119
gcnn:baseline,20,small,data/instances/facilities/train_100_100_5/instance_44.lp,859,1266,120.91,0.0,0.006458417054882646,0.006147521891946304,0.0046592768080809,optimal,0,0,122.63706178031862,124.20321068300109
gcnn:baseline,40,small,data/instances/facilities/train_100_100_5/instance_44.lp,693,970,87.84,0.0,0.005622295838304346,0.005145284328613458,0.0043550573199401445,optimal,0,0,88.92026589624584,90.28867113800152
gcnn:baseline,60,small,data/instances/facilities/train_100_100_5/instance_44.lp,665,991,94.87,0.0,0.005503768766541832,0.0049112567185129,0.004057804729639596,optimal,0,0,95.90340218320489,97.37830770099754
gcnn:baseline,80,small,data/instances/facilities/train_100_100_5/instance_44.lp,701,968,97.01,0.0,0.005392380749745185,0.005045402391864107,0.004971800169124965,optimal,0,0,98.2497384250164,99.62737292500242
gcnn:baseline,100,small,data/instances/facilities/train_100_100_5/instance_44.lp,693,1016,109.82,0.0,0.005193132547832133,0.004715192362801182,0.004472256672780349,optimal,0,0,111.64919052273035,113.00839035000172
gcnn:baseline,20,small,data/instances/facilities/train_100_100_5/instance_45.lp,569,789,79.12,0.0,0.004381496430015023,0.00411243500761143,0.0028152080857427185,optimal,0,0,80.35341975651681,81.62388942100006
gcnn:baseline,40,small,data/instances/facilities/train_100_100_5/instance_45.lp,477,662,69.14,0.0,0.004515195989412411,0.003346294050800596,0.002584426040708548,optimal,0,0,70.08784326724708,71.2774078399998
gcnn:baseline,60,small,data/instances/facilities/train_100_100_5/instance_45.lp,395,493,67.3,0.0,0.004442957791270484,0.0039324661761530886,0.001987691986353582,optimal,0,0,68.15624229796231,69.28374842799894
gcnn:baseline,80,small,data/instances/facilities/train_100_100_5/instance_45.lp,575,746,77.06,0.0,0.00366983683170022,0.00366983683170022,0.002711967068380423,optimal,0,0,78.0290847774595,79.31418840300103
gcnn:baseline,100,small,data/instances/facilities/train_100_100_5/instance_45.lp,449,633,70.74,0.0,0.0038082585149211354,0.003130677740723439,0.0029053571692516525,optimal,0,0,71.75423437356949,72.92382333299975
gcnn:baseline,20,small,data/instances/facilities/train_100_100_5/instance_46.lp,141,304,19.8,0.0,0.001935090134649941,0.0016045726537844314,0,optimal,0,0,19.58796750754118,20.49972667900147
gcnn:baseline,40,small,data/instances/facilities/train_100_100_5/instance_46.lp,189,346,19.65,0.0,0.0019093123590739614,0.0016955329297016417,0,optimal,0,0,19.41083855740726,20.35828314199898
gcnn:baseline,60,small,data/instances/facilities/train_100_100_5/instance_46.lp,175,321,18.4,0.0,0.002470425284108568,0.001893852505179987,0,optimal,0,0,18.049606611952186,18.985503633997723
gcnn:baseline,80,small,data/instances/facilities/train_100_100_5/instance_46.lp,191,314,21.06,0.0,0.0029569742716506345,0.002313020911050794,0,optimal,0,0,20.895147617906332,21.845069313996646
gcnn:baseline,100,small,data/instances/facilities/train_100_100_5/instance_46.lp,169,317,21.31,0.0,0.0023624679570112246,0.0013986983827028205,0,optimal,0,0,21.142403410747647,22.07550508699933
gcnn:baseline,20,small,data/instances/facilities/train_100_100_5/instance_47.lp,1749,2280,260.86,0.0,0.0210057980919021,0.020067424575539606,0.020067424575539606,optimal,0,0,265.63668983243406,267.8613381199975
gcnn:baseline,40,small,data/instances/facilities/train_100_100_5/instance_47.lp,1555,1957,201.95,0.0,0.011158021984438196,0.007973701097478981,0.007864970457744194,optimal,0,0,205.5155505090952,207.61827284299943
gcnn:baseline,60,small,data/instances/facilities/train_100_100_5/instance_47.lp,1770,2197,222.23,0.0,0.009890599145745244,0.009890599145745244,0.008169541463597633,optimal,0,0,225.9689369443804,228.24158317899855
gcnn:baseline,80,small,data/instances/facilities/train_100_100_5/instance_47.lp,1477,1859,165.15,0.0,0.007947101136300929,0.007947101136300929,0.0077338803684264415,optimal,0,0,167.82949768565595,169.91773116400145
gcnn:baseline,100,small,data/instances/facilities/train_100_100_5/instance_47.lp,1389,1708,165.02,0.0,0.007035448390587157,0.006776408394491899,0.006682385997024435,optimal,0,0,167.95502986945212,169.94887378899875
gcnn:baseline,20,small,data/instances/facilities/train_100_100_5/instance_48.lp,225,423,43.09,0.0,0.0018673879013468243,0.0016091652212147593,0.0010236488497545565,optimal,0,0,43.255368530750275,44.245244155001274
gcnn:baseline,40,small,data/instances/facilities/train_100_100_5/instance_48.lp,181,335,31.72,0.0,0.002874323371702902,0.002260719717351474,0,optimal,0,0,31.700046561658382,32.64130559199839
gcnn:baseline,60,small,data/instances/facilities/train_100_100_5/instance_48.lp,241,405,38.81,0.0,0.00203612364151868,0.0018672327529722333,0.0008839610067289894,optimal,0,0,39.00148608908057,39.98435569900175
gcnn:baseline,80,small,data/instances/facilities/train_100_100_5/instance_48.lp,193,365,38.22,0.0,0.0017716816112962326,0.0015403983592731524,0,optimal,0,0,38.25063016824424,39.23754043700319
gcnn:baseline,100,small,data/instances/facilities/train_100_100_5/instance_48.lp,183,353,34.62,0.0,0.0019070748806357862,0.001545778091757693,0,optimal,0,0,34.700120056048036,35.659587038997415
gcnn:baseline,20,small,data/instances/facilities/train_100_100_5/instance_49.lp,71,185,16.88,0.0,0.0007120731476948485,0,0,optimal,0,0,16.6358897741884,17.49790907300121
gcnn:baseline,40,small,data/instances/facilities/train_100_100_5/instance_49.lp,83,134,13.3,0.0,0.0017682714206703012,0,0,optimal,0,0,12.927084317430854,13.794249892998778
gcnn:baseline,60,small,data/instances/facilities/train_100_100_5/instance_49.lp,87,211,18.69,0.0,0.001499759258351549,0,0,optimal,0,0,18.470016855746508,19.34058613600064
gcnn:baseline,80,small,data/instances/facilities/train_100_100_5/instance_49.lp,93,207,22.28,0.0,0.0014204165601533977,0,0,optimal,0,0,22.206343550235033,23.084435749999102
gcnn:baseline,100,small,data/instances/facilities/train_100_100_5/instance_49.lp,103,238,20.72,0.0,0.0014004827684312097,1.7102849294713898e-05,0,optimal,0,0,20.600800527259707,21.48318687199935
gcnn:baseline,20,small,data/instances/facilities/train_100_100_5/instance_50.lp,37,169,16.54,0.0,0,0,0,optimal,0,0,16.291160752996802,17.12391894599932
gcnn:baseline,40,small,data/instances/facilities/train_100_100_5/instance_50.lp,37,181,15.6,0.0,0,0,0,optimal,0,0,15.323630074039102,16.154364832000283
gcnn:baseline,60,small,data/instances/facilities/train_100_100_5/instance_50.lp,45,175,15.35,0.0,0,0,0,optimal,0,0,14.931321863085032,15.774431516998447
gcnn:baseline,80,small,data/instances/facilities/train_100_100_5/instance_50.lp,41,171,17.93,0.0,0,0,0,optimal,0,0,17.73825555667281,18.573415467002633
gcnn:baseline,100,small,data/instances/facilities/train_100_100_5/instance_50.lp,33,157,14.46,0.0,0,0,0,optimal,0,0,14.072589196264744,14.90012934799961
gcnn:baseline,20,small,data/instances/facilities/train_100_100_5/instance_51.lp,26,145,13.91,0.0,0,0,0,optimal,0,0,13.551116598770022,14.376194155996927
gcnn:baseline,40,small,data/instances/facilities/train_100_100_5/instance_51.lp,19,121,15.7,0.0,0,0,0,optimal,0,0,15.36205343529582,16.180145467998955
gcnn:baseline,60,small,data/instances/facilities/train_100_100_5/instance_51.lp,19,135,13.63,0.0,0,0,0,optimal,0,0,13.329236036166549,14.141916821998166
gcnn:baseline,80,small,data/instances/facilities/train_100_100_5/instance_51.lp,32,158,15.48,0.0,0,0,0,optimal,0,0,15.165452111512423,15.994864112999494
gcnn:baseline,100,small,data/instances/facilities/train_100_100_5/instance_51.lp,59,179,17.61,0.0,0.0014692813523385507,0,0,optimal,0,0,17.410971388220787,18.258443315000477
gcnn:baseline,20,small,data/instances/facilities/train_100_100_5/instance_52.lp,129,271,29.9,0.0,0.002087044849072554,0.0010979348803723653,0,optimal,0,0,29.928130144253373,30.834455573000014
gcnn:baseline,40,small,data/instances/facilities/train_100_100_5/instance_52.lp,147,283,25.8,0.0,0.002001170054512388,0.00141132195050723,0,optimal,0,0,25.74505288526416,26.66336570599742
gcnn:baseline,60,small,data/instances/facilities/train_100_100_5/instance_52.lp,141,285,35.61,0.0,0.0015831148091436623,0.0012149652270680416,0,optimal,0,0,35.81045576557517,36.73178180200193
gcnn:baseline,80,small,data/instances/facilities/train_100_100_5/instance_52.lp,151,289,27.72,0.0,0.0019013567888839246,0.0017295363928913456,0,optimal,0,0,27.62786813825369,28.552231878002203
gcnn:baseline,100,small,data/instances/facilities/train_100_100_5/instance_52.lp,147,259,28.07,0.0,0.0018352488719793382,0.001810144675389495,0,optimal,0,0,28.086991924792528,29.01076387699868
gcnn:baseline,20,small,data/instances/facilities/train_100_100_5/instance_53.lp,95,219,18.73,0.0,0.002032975685233722,0,0,optimal,0,0,18.472084898501635,19.348293197999737
gcnn:baseline,40,small,data/instances/facilities/train_100_100_5/instance_53.lp,135,223,19.16,0.0,0.002021303750362991,0.0014987454947836486,0,optimal,0,0,19.006692357361317,19.90894192899941
gcnn:baseline,60,small,data/instances/facilities/train_100_100_5/instance_53.lp,131,244,20.02,0.0,0.0023564989334925145,0.001294583548799408,0,optimal,0,0,19.721905909478664,20.625802020000265
gcnn:baseline,80,small,data/instances/facilities/train_100_100_5/instance_53.lp,115,230,17.95,0.0,0.0022611807817230836,0,0,optimal,0,0,17.641779202967882,18.53334699699917
gcnn:baseline,100,small,data/instances/facilities/train_100_100_5/instance_53.lp,33,135,15.76,0.0,0,0,0,optimal,0,0,15.401012329384685,16.230388602001767
gcnn:baseline,20,small,data/instances/facilities/train_100_100_5/instance_54.lp,243,392,27.53,0.0,0.0017956549125032375,0.0017591903143456512,0.0008193481104024778,optimal,0,0,27.50826890580356,28.49761779399705
gcnn:baseline,40,small,data/instances/facilities/train_100_100_5/instance_54.lp,275,417,29.74,0.0,0.002206095508531907,0.0021076325070352436,0.0019004463876257892,optimal,0,0,29.925559921190143,30.955976551002095
gcnn:baseline,60,small,data/instances/facilities/train_100_100_5/instance_54.lp,251,404,27.04,0.0,0.0022722890824868817,0.001976621796564999,0.0008810009772508187,optimal,0,0,27.056278105825186,28.062229077000666
gcnn:baseline,80,small,data/instances/facilities/train_100_100_5/instance_54.lp,235,382,25.39,0.0,0.002334749105116572,0.0020164443754426826,0.0008298634411716563,optimal,0,0,25.531967787072062,26.52019719799864
gcnn:baseline,100,small,data/instances/facilities/train_100_100_5/instance_54.lp,249,393,26.11,0.0,0.0026412034624583546,0.0017541268044421311,0.0016239702024016015,optimal,0,0,25.916845984756947,26.91744064699742
gcnn:baseline,20,small,data/instances/facilities/train_100_100_5/instance_55.lp,302,621,61.3,0.0,0.003435205787177035,0.003191045818055817,0.0027591860421184735,optimal,0,0,61.65275299549103,62.82458359800148
gcnn:baseline,40,small,data/instances/facilities/train_100_100_5/instance_55.lp,161,292,29.27,0.0,0.0012614946167394997,0.0011663200194223901,0,optimal,0,0,29.311737259849906,30.25114620000022
gcnn:baseline,60,small,data/instances/facilities/train_100_100_5/instance_55.lp,275,475,51.73,0.0,0.0038619286292707025,0.0034400304571406276,0.0022660236750086694,optimal,0,0,51.96295294724405,53.079671062998386
gcnn:baseline,80,small,data/instances/facilities/train_100_100_5/instance_55.lp,214,464,54.84,0.0,0.004016278832590898,0.0037947307136883698,0.0010070332051742045,optimal,0,0,55.32820179499686,56.402185038001335
gcnn:baseline,100,small,data/instances/facilities/train_100_100_5/instance_55.lp,150,373,45.07,0.0,0.004166932204261736,0.0014434548431269357,0,optimal,0,0,45.410203363746405,46.40436561699971
gcnn:baseline,20,small,data/instances/facilities/train_100_100_5/instance_56.lp,1216,1533,108.54,0.0,0.00453560873973731,0.00453560873973731,0.004269152844120898,optimal,0,0,110.15589506924152,111.97779038299996
gcnn:baseline,40,small,data/instances/facilities/train_100_100_5/instance_56.lp,1135,1417,101.65,0.0,0.0041868651903229,0.0041868651903229,0.003926044925812316,optimal,0,0,103.1548312548548,104.94359015599912
gcnn:baseline,60,small,data/instances/facilities/train_100_100_5/instance_56.lp,1357,1702,138.13,0.0,0.004443816498957014,0.004280473905811924,0.0041909253687068704,optimal,0,0,140.4312379155308,142.42240842200044
gcnn:baseline,80,small,data/instances/facilities/train_100_100_5/instance_56.lp,1280,1582,117.41,0.0,0.004388731720220803,0.004083185343324633,0.0038760970041418394,optimal,0,0,119.53675831109285,121.06507472399971
gcnn:baseline,100,small,data/instances/facilities/train_100_100_5/instance_56.lp,826,1063,79.74,0.0,0.0047936690701745385,0.004334751002626709,0.004280730134476092,optimal,0,0,81.45902252197266,82.73332796300019
gcnn:baseline,20,small,data/instances/facilities/train_100_100_5/instance_57.lp,199,359,38.64,0.0,0.0038322319130155657,0.0034594668316997117,0,optimal,0,0,39.14345663972199,40.078648202001204
gcnn:baseline,40,small,data/instances/facilities/train_100_100_5/instance_57.lp,423,616,66.67,0.0,0.006461185369524582,0.006354760859099155,0.006230965965769475,optimal,0,0,67.5381987914443,68.6494180310001
gcnn:baseline,60,small,data/instances/facilities/train_100_100_5/instance_57.lp,343,527,56.56,0.0,0.006374354410249643,0.006276758719664868,0.006276758719664868,optimal,0,0,57.38114878349006,58.42534298499959
gcnn:baseline,80,small,data/instances/facilities/train_100_100_5/instance_57.lp,225,444,51.39,0.0,0.006508530741225883,0.003771346720061785,0.0016526524746513591,optimal,0,0,51.88595639355481,52.833531267999206
gcnn:baseline,100,small,data/instances/facilities/train_100_100_5/instance_57.lp,145,300,35.19,0.0,0.0034615417861827667,0.002843139163188435,0,optimal,0,0,35.777477176859975,36.66935314999864
gcnn:baseline,20,small,data/instances/facilities/train_100_100_5/instance_58.lp,3,33,4.44,0.0,0,0,0,optimal,0,0,4.312048003077507,4.714891610998166
gcnn:baseline,40,small,data/instances/facilities/train_100_100_5/instance_58.lp,3,39,5.1,0.0,0,0,0,optimal,0,0,4.93913428671658,5.342583083998761
gcnn:baseline,60,small,data/instances/facilities/train_100_100_5/instance_58.lp,3,20,3.84,0.0,0,0,0,optimal,0,0,3.6271413899958134,4.029553058000602
gcnn:baseline,80,small,data/instances/facilities/train_100_100_5/instance_58.lp,3,39,5.15,0.0,0,0,0,optimal,0,0,4.998430345207453,5.402022111000406
gcnn:baseline,100,small,data/instances/facilities/train_100_100_5/instance_58.lp,1,25,3.65,0.0,0,0,0,optimal,0,0,3.848983071744442,3.8521735729991633
gcnn:baseline,20,small,data/instances/facilities/train_100_100_5/instance_59.lp,56,204,19.73,0.0,0.0003461400243095011,0,0,optimal,0,0,19.487582037225366,20.327739560998452
gcnn:baseline,40,small,data/instances/facilities/train_100_100_5/instance_59.lp,53,216,17.11,0.0,0,0,0,optimal,0,0,16.85172812640667,17.69139739900129
gcnn:baseline,60,small,data/instances/facilities/train_100_100_5/instance_59.lp,61,153,15.29,0.0,0.0006468182072395074,0,0,optimal,0,0,14.992454819381237,15.829471442000795
gcnn:baseline,80,small,data/instances/facilities/train_100_100_5/instance_59.lp,65,194,19.0,0.0,0.00045327028772049476,0,0,optimal,0,0,18.823368245735765,19.66643459399711
gcnn:baseline,100,small,data/instances/facilities/train_100_100_5/instance_59.lp,48,211,20.79,0.0,0,0,0,optimal,0,0,20.597092047333717,21.43684815099914
gcnn:baseline,20,small,data/instances/facilities/train_100_100_5/instance_60.lp,25,100,13.94,0.0,0,0,0,optimal,0,0,13.589611502364278,14.407122266999068
gcnn:baseline,40,small,data/instances/facilities/train_100_100_5/instance_60.lp,27,91,12.75,0.0,0,0,0,optimal,0,0,12.299300618469715,13.117767349998758
gcnn:baseline,60,small,data/instances/facilities/train_100_100_5/instance_60.lp,31,116,14.71,0.0,0,0,0,optimal,0,0,14.329667668789625,15.150996780997957
gcnn:baseline,80,small,data/instances/facilities/train_100_100_5/instance_60.lp,23,97,13.29,0.0,0,0,0,optimal,0,0,12.972521165385842,13.78993014200023
gcnn:baseline,100,small,data/instances/facilities/train_100_100_5/instance_60.lp,27,108,15.1,0.0,0,0,0,optimal,0,0,14.769648138433695,15.589963581998745
gcnn:baseline,20,small,data/instances/facilities/train_100_100_5/instance_61.lp,604,885,67.94,0.0,0.0034410688597798773,0.003313904142071337,0.0032466937556786617,optimal,0,0,68.98028415068984,70.30586447800306
gcnn:baseline,40,small,data/instances/facilities/train_100_100_5/instance_61.lp,639,912,68.54,0.0,0.0036175898790243746,0.0034612845773591442,0.0033690957596684405,optimal,0,0,69.49458779767156,70.82474133399955
gcnn:baseline,60,small,data/instances/facilities/train_100_100_5/instance_61.lp,808,1072,81.72,0.0,0.0037206615964727003,0.0036739523997383248,0.00351911065502002,optimal,0,0,83.15594867244363,84.49189560599916
gcnn:baseline,80,small,data/instances/facilities/train_100_100_5/instance_61.lp,415,623,54.8,0.0,0.004752155257033189,0.003809607472792411,0.00311100638988401,optimal,0,0,55.80835569091141,56.88138703099685
gcnn:baseline,100,small,data/instances/facilities/train_100_100_5/instance_61.lp,647,895,78.56,0.0,0.003973955198375461,0.003973955198375461,0.0036764430524253047,optimal,0,0,80.09668778441846,81.33569143699788
gcnn:baseline,20,small,data/instances/facilities/train_100_100_5/instance_62.lp,428,600,62.04,0.0,0.0036248265218622408,0.003399055498972809,0.0027667843372030875,optimal,0,0,63.02212182432413,64.1988181730012
gcnn:baseline,40,small,data/instances/facilities/train_100_100_5/instance_62.lp,523,699,71.25,0.0,0.003930737537632595,0.003512115873394124,0.003149947991671748,optimal,0,0,72.04070277325809,73.29037857399817
gcnn:baseline,60,small,data/instances/facilities/train_100_100_5/instance_62.lp,501,776,81.49,0.0,0.005584682331690414,0.003350830047937929,0.0030745866284149674,optimal,0,0,82.77034686878324,84.03846760099987
gcnn:baseline,80,small,data/instances/facilities/train_100_100_5/instance_62.lp,517,733,76.43,0.0,0.0031029220674770076,0.002247606203056966,0.0016400316207385048,optimal,0,0,77.75814685598016,79.0119871809984
gcnn:baseline,100,small,data/instances/facilities/train_100_100_5/instance_62.lp,474,664,62.9,0.0,0.003904739926632894,0.0034616200111455167,0.002532893788471366,optimal,0,0,63.67058655247092,64.89064126299854
gcnn:baseline,20,small,data/instances/facilities/train_100_100_5/instance_63.lp,11,120,12.88,0.0,0,0,0,optimal,0,0,12.530083941295743,13.317524684000091
gcnn:baseline,40,small,data/instances/facilities/train_100_100_5/instance_63.lp,7,117,10.74,0.0,0,0,0,optimal,0,0,10.42703652754426,11.117543935000867
gcnn:baseline,60,small,data/instances/facilities/train_100_100_5/instance_63.lp,7,111,11.09,0.0,0,0,0,optimal,0,0,10.657061206176877,11.359603230997891
gcnn:baseline,80,small,data/instances/facilities/train_100_100_5/instance_63.lp,5,124,12.01,0.0,0,0,0,optimal,0,0,11.844085646793246,12.498954600003344
gcnn:baseline,100,small,data/instances/facilities/train_100_100_5/instance_63.lp,9,114,13.62,0.0,0,0,0,optimal,0,0,13.35720968618989,14.050587613997777
gcnn:baseline,20,small,data/instances/facilities/train_100_100_5/instance_64.lp,77,162,13.15,0.0,0.001329106809617206,0,0,optimal,0,0,12.778432050719857,13.640178444999037
gcnn:baseline,40,small,data/instances/facilities/train_100_100_5/instance_64.lp,75,212,16.09,0.0,0.0010452876977557074,0,0,optimal,0,0,15.763790985569358,16.626300658001128
gcnn:baseline,60,small,data/instances/facilities/train_100_100_5/instance_64.lp,83,194,14.99,0.0,0.001329106809617206,0,0,optimal,0,0,14.64171446301043,15.509814927001571
gcnn:baseline,80,small,data/instances/facilities/train_100_100_5/instance_64.lp,71,174,16.34,0.0,0.0010098853194639614,0,0,optimal,0,0,16.097005620598793,16.955633484001737
gcnn:baseline,100,small,data/instances/facilities/train_100_100_5/instance_64.lp,63,175,16.13,0.0,0.0010459325028388234,0,0,optimal,0,0,15.877680767327547,16.731926193002437
gcnn:baseline,20,small,data/instances/facilities/train_100_100_5/instance_65.lp,53,140,13.8,0.0,0.00024050860365645247,0,0,optimal,0,0,13.36313171312213,14.213098860000173
gcnn:baseline,40,small,data/instances/facilities/train_100_100_5/instance_65.lp,45,81,8.81,0.0,0,0,0,optimal,0,0,8.322530278936028,9.158488319000753
gcnn:baseline,60,small,data/instances/facilities/train_100_100_5/instance_65.lp,47,126,13.25,0.0,0,0,0,optimal,0,0,12.811784580349922,13.6526747780008
gcnn:baseline,80,small,data/instances/facilities/train_100_100_5/instance_65.lp,55,147,13.71,0.0,0,0,0,optimal,0,0,13.332659842446446,14.179628044999845
gcnn:baseline,100,small,data/instances/facilities/train_100_100_5/instance_65.lp,57,94,10.06,0.0,0.0033403047772029206,0,0,optimal,0,0,9.644801223650575,10.490289045999816
gcnn:baseline,20,small,data/instances/facilities/train_100_100_5/instance_66.lp,395,570,37.53,0.0,0.004364287283718654,0.004267070472702196,0.003188305178202644,optimal,0,0,37.72184497863054,38.84119251299853
gcnn:baseline,40,small,data/instances/facilities/train_100_100_5/instance_66.lp,255,421,35.28,0.0,0.0037504860932957382,0.0032487054948700388,0.001934957539305382,optimal,0,0,35.456351237371564,36.46974316400156
gcnn:baseline,60,small,data/instances/facilities/train_100_100_5/instance_66.lp,255,414,29.57,0.0,0.0036655037280543604,0.00249021291411933,0.0016322069840593255,optimal,0,0,29.381422843784094,30.389290349001385
gcnn:baseline,80,small,data/instances/facilities/train_100_100_5/instance_66.lp,393,570,37.2,0.0,0.0046844250735947396,0.004054007223845626,0.0034925758804080836,optimal,0,0,37.32377019710839,38.43977631800226
gcnn:baseline,100,small,data/instances/facilities/train_100_100_5/instance_66.lp,288,451,33.0,0.0,0.004286757114093102,0.004286757114093102,0.0033706701423590266,optimal,0,0,33.12552365101874,34.165139035998436
gcnn:baseline,20,small,data/instances/facilities/train_100_100_5/instance_67.lp,889,1120,53.53,0.0,0.005357194411019857,0.005357194411019857,0.0045679555127789324,optimal,0,0,54.05644761957228,55.532226590999926
gcnn:baseline,40,small,data/instances/facilities/train_100_100_5/instance_67.lp,959,1219,70.27,0.0,0.004363925710005514,0.004363925710005514,0.003904868929778354,optimal,0,0,71.30001328885555,72.86284440999952
gcnn:baseline,60,small,data/instances/facilities/train_100_100_5/instance_67.lp,975,1257,71.77,0.0,0.004557226737865713,0.004528750090288254,0.0035425288781810267,optimal,0,0,72.48278070241213,74.06157383800019
gcnn:baseline,80,small,data/instances/facilities/train_100_100_5/instance_67.lp,895,1177,63.73,0.0,0.004548683572929285,0.004548683572929285,0.003678541329832893,optimal,0,0,64.60530229657888,66.10019283499787
gcnn:baseline,100,small,data/instances/facilities/train_100_100_5/instance_67.lp,891,1146,67.51,0.0,0.004344665099382579,0.004092264352521497,0.003950163385818374,optimal,0,0,68.56073053367436,70.05242405800163
gcnn:baseline,20,small,data/instances/facilities/train_100_100_5/instance_68.lp,123,251,16.71,0.0,0.0016110461141429174,0.001231127333165398,0,optimal,0,0,16.472587244585156,17.366330476001167
gcnn:baseline,40,small,data/instances/facilities/train_100_100_5/instance_68.lp,167,252,21.18,0.0,0.001793937376940835,0.001276174750270182,0,optimal,0,0,21.013184886425734,21.94010232200162
gcnn:baseline,60,small,data/instances/facilities/train_100_100_5/instance_68.lp,133,277,18.55,0.0,0.0013026893544414125,0,0,optimal,0,0,18.376173298805952,19.278596256997844
gcnn:baseline,80,small,data/instances/facilities/train_100_100_5/instance_68.lp,161,278,22.08,0.0,0.0013918127058501048,0.0011948726089089862,0,optimal,0,0,21.888937707990408,22.813487401999737
gcnn:baseline,100,small,data/instances/facilities/train_100_100_5/instance_68.lp,140,235,20.01,0.0,0.0013252396413379606,0.0006153158983061263,0,optimal,0,0,19.93161081150174,20.841224497999065
gcnn:baseline,20,small,data/instances/facilities/train_100_100_5/instance_69.lp,325,507,51.34,0.0,0.0025129639609593906,0.0023196728534098238,0.0019175396696420864,optimal,0,0,51.77738697081804,52.83899960100098
gcnn:baseline,40,small,data/instances/facilities/train_100_100_5/instance_69.lp,379,563,53.02,0.0,0.003982950558033068,0.003330929346310828,0.0024743767908267053,optimal,0,0,53.47959562391043,54.60999427600109
gcnn:baseline,60,small,data/instances/facilities/train_100_100_5/instance_69.lp,355,537,58.11,0.0,0.0033579688259068883,0.0028000668896177696,0.002527174433374884,optimal,0,0,58.540453439578414,59.69477682900106
gcnn:baseline,80,small,data/instances/facilities/train_100_100_5/instance_69.lp,275,428,47.58,0.0,0.003135096464182601,0.003135096464182601,0.002573650203235222,optimal,0,0,47.828562535345554,48.91133740800069
gcnn:baseline,100,small,data/instances/facilities/train_100_100_5/instance_69.lp,460,674,79.39,0.0,0.004759013214076008,0.004693346192601794,0.0035982958738037564,optimal,0,0,80.1311569456011,81.38601914000174
gcnn:baseline,20,small,data/instances/facilities/train_100_100_5/instance_70.lp,299,523,37.69,0.0,0.0027037463004266726,0.0017574330498722575,0.0012741575111519235,optimal,0,0,37.97469359450042,39.02975382799923
gcnn:baseline,40,small,data/instances/facilities/train_100_100_5/instance_70.lp,321,561,42.9,0.0,0.002546182323561366,0.002354659199071349,0.0013812710735424955,optimal,0,0,43.191750494763255,44.26548447499954
gcnn:baseline,60,small,data/instances/facilities/train_100_100_5/instance_70.lp,315,507,38.92,0.0,0.0024047777154981914,0.0018732678031533193,0.00141052073976933,optimal,0,0,39.07144794985652,40.14256506500169
gcnn:baseline,80,small,data/instances/facilities/train_100_100_5/instance_70.lp,345,560,40.48,0.0,0.003347586123151172,0.003119883549027631,0.002420134590102716,optimal,0,0,40.87378988042474,41.96572652899704
gcnn:baseline,100,small,data/instances/facilities/train_100_100_5/instance_70.lp,326,527,41.52,0.0,0.002419193951060306,0.0019768506248275604,0.0011143191312858426,optimal,0,0,41.96545426547527,43.044867905999126
gcnn:baseline,20,small,data/instances/facilities/train_100_100_5/instance_71.lp,17,127,10.7,0.0,0,0,0,optimal,0,0,10.246219675987959,11.062754854003288
gcnn:baseline,40,small,data/instances/facilities/train_100_100_5/instance_71.lp,19,123,10.47,0.0,0,0,0,optimal,0,0,9.975776942446828,10.793584029997874
gcnn:baseline,60,small,data/instances/facilities/train_100_100_5/instance_71.lp,31,141,11.67,0.0,0,0,0,optimal,0,0,11.209608132019639,12.039775337001629
gcnn:baseline,80,small,data/instances/facilities/train_100_100_5/instance_71.lp,55,171,12.88,0.0,0.0001589925935438447,0,0,optimal,0,0,12.440294990316033,13.28728456799945
gcnn:baseline,100,small,data/instances/facilities/train_100_100_5/instance_71.lp,27,135,10.91,0.0,0,0,0,optimal,0,0,10.447029078379273,11.271108450997417
gcnn:baseline,20,small,data/instances/facilities/train_100_100_5/instance_72.lp,181,275,25.52,0.0,0.0025540320179755333,0.0019948177822376543,0,optimal,0,0,25.421977002173662,26.37355635000131
gcnn:baseline,40,small,data/instances/facilities/train_100_100_5/instance_72.lp,115,270,25.67,0.0,0.0028380704871736407,0.002189245776137491,0,optimal,0,0,25.606109105050564,26.509569048997946
gcnn:baseline,60,small,data/instances/facilities/train_100_100_5/instance_72.lp,197,292,27.09,0.0,0.0032566481179226916,0.002347578909793715,0,optimal,0,0,27.04645298048854,28.0114969569986
gcnn:baseline,80,small,data/instances/facilities/train_100_100_5/instance_72.lp,135,276,24.24,0.0,0.0019283345991503381,0.0017852841431900998,0,optimal,0,0,24.09909918345511,25.015709006001998
gcnn:baseline,100,small,data/instances/facilities/train_100_100_5/instance_72.lp,169,331,25.52,0.0,0.002386638873903563,0.0020374753179915324,0,optimal,0,0,25.444099014624953,26.386148741999932
gcnn:baseline,20,small,data/instances/facilities/train_100_100_5/instance_73.lp,59,188,19.77,0.0,0.00038527814613560505,0,0,optimal,0,0,19.509645445272326,20.369117356996867
gcnn:baseline,40,small,data/instances/facilities/train_100_100_5/instance_73.lp,74,159,21.64,0.0,0.0009217413640422424,0,0,optimal,0,0,21.52584450133145,22.397924193999643
gcnn:baseline,60,small,data/instances/facilities/train_100_100_5/instance_73.lp,57,201,21.21,0.0,0.0005433804191508036,0,0,optimal,0,0,20.939262755215168,21.79612765699858
gcnn:baseline,80,small,data/instances/facilities/train_100_100_5/instance_73.lp,51,114,15.3,0.0,0,0,0,optimal,0,0,14.935596784576774,15.781812948000152
gcnn:baseline,100,small,data/instances/facilities/train_100_100_5/instance_73.lp,79,191,19.32,0.0,0.0009163263029978193,0,0,optimal,0,0,19.039106095209718,19.91047131599771
gcnn:baseline,20,small,data/instances/facilities/train_100_100_5/instance_74.lp,7,107,7.07,0.0,0,0,0,optimal,0,0,6.748638059943914,7.377968057000544
gcnn:baseline,40,small,data/instances/facilities/train_100_100_5/instance_74.lp,7,99,6.43,0.0,0,0,0,optimal,0,0,6.007334392517805,6.6719216829988
gcnn:baseline,60,small,data/instances/facilities/train_100_100_5/instance_74.lp,7,107,6.82,0.0,0,0,0,optimal,0,0,6.488159840926528,7.077524989999802
gcnn:baseline,80,small,data/instances/facilities/train_100_100_5/instance_74.lp,5,103,6.68,0.0,0,0,0,optimal,0,0,6.494578614830971,6.9540560050008935
gcnn:baseline,100,small,data/instances/facilities/train_100_100_5/instance_74.lp,5,107,6.97,0.0,0,0,0,optimal,0,0,6.731758324429393,7.201200281000638
gcnn:baseline,20,small,data/instances/facilities/train_100_100_5/instance_75.lp,653,799,57.43,0.0,0.004614744873039567,0.004108970286988036,0.0035425667212371395,optimal,0,0,58.10049636103213,59.47524605899889
gcnn:baseline,40,small,data/instances/facilities/train_100_100_5/instance_75.lp,529,698,43.43,0.0,0.004932464084803514,0.004932464084803514,0.004483621173232245,optimal,0,0,43.87067422270775,45.161921712999174
gcnn:baseline,60,small,data/instances/facilities/train_100_100_5/instance_75.lp,409,662,41.28,0.0,0.004474024699352809,0.0025958882509939606,0.0021577561353414857,optimal,0,0,41.71550574153662,42.859722682998836
gcnn:baseline,80,small,data/instances/facilities/train_100_100_5/instance_75.lp,485,626,44.23,0.0,0.002995210285639828,0.0029046274311782024,0.002400257167641185,optimal,0,0,44.558350559324026,45.75726616199972
gcnn:baseline,100,small,data/instances/facilities/train_100_100_5/instance_75.lp,871,1132,76.29,0.0,0.005333337778298021,0.004440328124264532,0.004113332594443648,optimal,0,0,77.01339396834373,78.67008642099972
gcnn:baseline,20,small,data/instances/facilities/train_100_100_5/instance_76.lp,91,271,32.25,0.0,0.0015091625587023315,0,0,optimal,0,0,32.264123601838946,33.15560191499753
gcnn:baseline,40,small,data/instances/facilities/train_100_100_5/instance_76.lp,81,238,26.96,0.0,0.0015631144457478592,0,0,optimal,0,0,26.82216057740152,27.700282319998223
gcnn:baseline,60,small,data/instances/facilities/train_100_100_5/instance_76.lp,121,310,33.67,0.0,0.0022100928414056104,0.0007485435534438791,0,optimal,0,0,33.707592487335205,34.62346159899971
gcnn:baseline,80,small,data/instances/facilities/train_100_100_5/instance_76.lp,77,203,29.97,0.0,0.0012543277441788058,0,0,optimal,0,0,30.017881019040942,30.895498215999396
gcnn:baseline,100,small,data/instances/facilities/train_100_100_5/instance_76.lp,103,280,31.01,0.0,0.001605941654388655,0,0,optimal,0,0,30.979537004604936,31.877690131001145
gcnn:baseline,20,small,data/instances/facilities/train_100_100_5/instance_77.lp,230,395,34.12,0.0,0.003120664602448239,0.002564550509036187,0.001902680360248283,optimal,0,0,34.21385093964636,35.20816121399912
gcnn:baseline,40,small,data/instances/facilities/train_100_100_5/instance_77.lp,261,441,49.07,0.0,0.003286748625897694,0.0031881623756146115,0.0023413290383187462,optimal,0,0,49.81673222966492,50.85101587199824
gcnn:baseline,60,small,data/instances/facilities/train_100_100_5/instance_77.lp,265,456,35.34,0.0,0.003545650382374169,0.0028172769370154796,0.0019927569698863262,optimal,0,0,35.371440740302205,36.392508606000774
gcnn:baseline,80,small,data/instances/facilities/train_100_100_5/instance_77.lp,245,434,36.72,0.0,0.0029389303776886943,0.0026076572345197406,0.0019472944678793278,optimal,0,0,36.889205392450094,37.89752247699653
gcnn:baseline,100,small,data/instances/facilities/train_100_100_5/instance_77.lp,209,368,33.65,0.0,0.002286581101149792,0.002286581101149792,0.0007238351724886616,optimal,0,0,33.81079776957631,34.791452020999714
gcnn:baseline,20,small,data/instances/facilities/train_100_100_5/instance_78.lp,264,451,44.82,0.0,0.0034813076037769784,0.0034813076037769784,0.0011066985880719981,optimal,0,0,45.12008968554437,46.16701822200048
gcnn:baseline,40,small,data/instances/facilities/train_100_100_5/instance_78.lp,194,336,30.62,0.0,0.003402722200845567,0.001970563095569063,0,optimal,0,0,30.502466164529324,31.477071020999574
gcnn:baseline,60,small,data/instances/facilities/train_100_100_5/instance_78.lp,184,341,33.08,0.0,0.0034251223311461084,0.0016373133043624379,0,optimal,0,0,33.14030462689698,34.11046043399983
gcnn:baseline,80,small,data/instances/facilities/train_100_100_5/instance_78.lp,208,379,33.74,0.0,0.003558285143108679,0.0019829377142215796,0,optimal,0,0,34.00425060465932,34.99128879500131
gcnn:baseline,100,small,data/instances/facilities/train_100_100_5/instance_78.lp,229,434,40.96,0.0,0.003404613493008638,0.003253734525834821,0.0011373799420142017,optimal,0,0,41.287329845130444,42.32105657699867
gcnn:baseline,20,small,data/instances/facilities/train_100_100_5/instance_79.lp,390,570,60.1,0.0,0.00571501417619169,0.00571501417619169,0.0022296415504747605,optimal,0,0,60.85673528909683,62.08265914200092
gcnn:baseline,40,small,data/instances/facilities/train_100_100_5/instance_79.lp,233,404,40.63,0.0,0.0026369469086544362,0.0023404887448441277,0.0009582933288684159,optimal,0,0,40.998885383829474,42.01437736200023
gcnn:baseline,60,small,data/instances/facilities/train_100_100_5/instance_79.lp,343,517,57.54,0.0,0.004917366653098205,0.0037370218245074485,0.0021388574093431124,optimal,0,0,58.357733303681016,59.50077997599874
gcnn:baseline,80,small,data/instances/facilities/train_100_100_5/instance_79.lp,311,475,46.76,0.0,0.00488097325180388,0.0026789604466975776,0.001922269189635074,optimal,0,0,47.28409521654248,48.37398841200047
gcnn:baseline,100,small,data/instances/facilities/train_100_100_5/instance_79.lp,278,443,53.22,0.0,0.004113931543487078,0.0026150503909602545,0.0013119860008021255,optimal,0,0,53.96129662357271,55.0364411240007
gcnn:baseline,20,small,data/instances/facilities/train_100_100_5/instance_80.lp,149,286,23.34,0.0,0.0009632296332503383,0.00038077214685446964,0,optimal,0,0,23.19318954832852,24.12109746099668
gcnn:baseline,40,small,data/instances/facilities/train_100_100_5/instance_80.lp,137,256,21.4,0.0,0.0010632848453260523,0.000604423859540011,0,optimal,0,0,21.21356027200818,22.13047756400192
gcnn:baseline,60,small,data/instances/facilities/train_100_100_5/instance_80.lp,121,229,18.7,0.0,0.0010511243149807403,0.001037031287469083,0,optimal,0,0,18.508174020797014,19.408527741001308
gcnn:baseline,80,small,data/instances/facilities/train_100_100_5/instance_80.lp,115,251,22.11,0.0,0.0009880916179478617,0.0006576450657474526,0,optimal,0,0,21.91310277953744,22.811420725000062
gcnn:baseline,100,small,data/instances/facilities/train_100_100_5/instance_80.lp,113,250,20.55,0.0,0.0011690286457859886,0.0011167406331873224,0,optimal,0,0,20.387491941452026,21.28423399299936
gcnn:baseline,20,small,data/instances/facilities/train_100_100_5/instance_81.lp,262,358,46.83,0.0,0.003363385707460993,0.003363385707460993,0.0013259636964701648,optimal,0,0,47.45684057660401,48.49919197399868
gcnn:baseline,40,small,data/instances/facilities/train_100_100_5/instance_81.lp,207,351,44.23,0.0,0.002350866517799657,0.0019307751083679266,0,optimal,0,0,44.715868063271046,45.709698168000614
gcnn:baseline,60,small,data/instances/facilities/train_100_100_5/instance_81.lp,241,378,38.99,0.0,0.002421260036697105,0.0019886916364046364,0.0011677127104324705,optimal,0,0,39.196770096197724,40.22777792600027
gcnn:baseline,80,small,data/instances/facilities/train_100_100_5/instance_81.lp,195,302,36.46,0.0,0.00282931059127641,0.001571104692036946,0,optimal,0,0,36.75061007402837,37.72294103400054
gcnn:baseline,100,small,data/instances/facilities/train_100_100_5/instance_81.lp,223,365,41.19,0.0,0.004037231021887363,0.0017514535837943337,0.0009739650414532776,optimal,0,0,41.772561648860574,42.782016170000134
gcnn:baseline,20,small,data/instances/facilities/train_100_100_5/instance_82.lp,97,204,20.55,0.0,0.0030096554634869615,0,0,optimal,0,0,20.41474470309913,21.30052519700257
gcnn:baseline,40,small,data/instances/facilities/train_100_100_5/instance_82.lp,119,252,24.28,0.0,0.0029245267138213707,0.0022123337914524118,0,optimal,0,0,24.130740812048316,25.037067346002004
gcnn:baseline,60,small,data/instances/facilities/train_100_100_5/instance_82.lp,87,189,21.74,0.0,0.002318149045494343,0,0,optimal,0,0,21.548888605087996,22.42850654400172
gcnn:baseline,80,small,data/instances/facilities/train_100_100_5/instance_82.lp,97,199,24.16,0.0,0.0026282872062117118,0,0,optimal,0,0,23.97681270726025,24.866381289000856
gcnn:baseline,100,small,data/instances/facilities/train_100_100_5/instance_82.lp,81,183,20.59,0.0,0.002396755975486158,0,0,optimal,0,0,20.308329598978162,21.18235899499996
gcnn:baseline,20,small,data/instances/facilities/train_100_100_5/instance_83.lp,599,910,78.3,0.0,0.00420405083536657,0.00420405083536657,0.003138525226017348,optimal,0,0,79.27807869389653,80.59649121400071
gcnn:baseline,40,small,data/instances/facilities/train_100_100_5/instance_83.lp,567,861,78.1,0.0,0.004057920405594083,0.0035305977824177,0.0031971692022903994,optimal,0,0,79.36290707811713,80.65507495299971
gcnn:baseline,60,small,data/instances/facilities/train_100_100_5/instance_83.lp,586,834,72.51,0.0,0.004105724480688424,0.003667716422985027,0.002773607940446232,optimal,0,0,73.70993518456817,74.94757291699716
gcnn:baseline,80,small,data/instances/facilities/train_100_100_5/instance_83.lp,579,888,83.35,0.0,0.00392877737791977,0.0036612003262989174,0.003127102973150277,optimal,0,0,84.48199342936277,85.61375682200014
gcnn:baseline,100,small,data/instances/facilities/train_100_100_5/instance_83.lp,645,917,72.76,0.0,0.005237379107069287,0.005237379107069287,0.003902818462244479,optimal,0,0,73.68891359679401,74.9853703680019
gcnn:baseline,20,small,data/instances/facilities/train_100_100_5/instance_84.lp,129,231,36.0,0.0,0.002111562957639098,0.0014914205139306747,0,optimal,0,0,36.10496689938009,37.01481049799986
gcnn:baseline,40,small,data/instances/facilities/train_100_100_5/instance_84.lp,187,318,43.65,0.0,0.002946139468549307,0.0019185276546146177,0,optimal,0,0,43.917954694479704,44.87183774500227
gcnn:baseline,60,small,data/instances/facilities/train_100_100_5/instance_84.lp,171,272,38.03,0.0,0.0028117524358356122,0.0016726834395247281,0,optimal,0,0,38.115153793245554,39.05472709300011
gcnn:baseline,80,small,data/instances/facilities/train_100_100_5/instance_84.lp,114,244,31.96,0.0,0.0025175325158511043,0.0010926206421822775,0,optimal,0,0,31.892336761578918,32.78745319000154
gcnn:baseline,100,small,data/instances/facilities/train_100_100_5/instance_84.lp,117,211,31.66,0.0,0.0022346530994214074,0.0008951597590545108,0,optimal,0,0,31.51785201393068,32.41401165500065
gcnn:baseline,20,small,data/instances/facilities/train_100_100_5/instance_85.lp,7,69,9.85,0.0,0,0,0,optimal,0,0,9.47896614484489,10.203577590997156
gcnn:baseline,40,small,data/instances/facilities/train_100_100_5/instance_85.lp,7,33,5.61,0.0,0,0,0,optimal,0,0,5.033925734460354,5.837537038001756
gcnn:baseline,60,small,data/instances/facilities/train_100_100_5/instance_85.lp,7,75,10.34,0.0,0,0,0,optimal,0,0,9.90935797803104,10.668800276998809
gcnn:baseline,80,small,data/instances/facilities/train_100_100_5/instance_85.lp,7,126,13.36,0.0,0,0,0,optimal,0,0,13.037978786975145,13.801259926000057
gcnn:baseline,100,small,data/instances/facilities/train_100_100_5/instance_85.lp,5,109,9.46,0.0,0,0,0,optimal,0,0,9.255111260339618,9.824257127002056
gcnn:baseline,20,small,data/instances/facilities/train_100_100_5/instance_86.lp,282,426,23.15,0.0,0.006616319099055706,0.006375737358487358,0.0021657486167930805,optimal,0,0,22.97424746863544,24.02703861400005
gcnn:baseline,40,small,data/instances/facilities/train_100_100_5/instance_86.lp,340,503,28.83,0.0,0.0070575241189664096,0.005012573289514034,0.002729366028564092,optimal,0,0,28.63295593485236,29.75235670999973
gcnn:baseline,60,small,data/instances/facilities/train_100_100_5/instance_86.lp,271,422,22.4,0.0,0.004660482666583399,0.0038552040763788348,0.001011140565684414,optimal,0,0,22.282158687710762,23.314040910001495
gcnn:baseline,80,small,data/instances/facilities/train_100_100_5/instance_86.lp,187,304,17.58,0.0,0.0024904093145195565,0.0021068237907456793,0,optimal,0,0,17.415433458983898,18.35452182500012
gcnn:baseline,100,small,data/instances/facilities/train_100_100_5/instance_86.lp,293,494,27.7,0.0,0.007062409452643808,0.004838839024874191,0.004433480982740126,optimal,0,0,27.964001648128033,29.044011811001837
gcnn:baseline,20,small,data/instances/facilities/train_100_100_5/instance_87.lp,31,139,14.44,0.0,0,0,0,optimal,0,0,14.09479077346623,14.920172517002356
gcnn:baseline,40,small,data/instances/facilities/train_100_100_5/instance_87.lp,31,135,14.19,0.0,0,0,0,optimal,0,0,13.800533797591925,14.626417642997694
gcnn:baseline,60,small,data/instances/facilities/train_100_100_5/instance_87.lp,15,125,13.42,0.0,0,0,0,optimal,0,0,13.000304525718093,13.812879461998818
gcnn:baseline,80,small,data/instances/facilities/train_100_100_5/instance_87.lp,27,58,7.68,0.0,0,0,0,optimal,0,0,7.1543749291449785,7.973397695997846
gcnn:baseline,100,small,data/instances/facilities/train_100_100_5/instance_87.lp,47,182,16.42,0.0,0,0,0,optimal,0,0,16.06593988277018,16.902035457998863
gcnn:baseline,20,small,data/instances/facilities/train_100_100_5/instance_88.lp,33,141,13.22,0.0,0,0,0,optimal,0,0,12.865465072914958,13.69212698499905
gcnn:baseline,40,small,data/instances/facilities/train_100_100_5/instance_88.lp,27,134,11.61,0.0,0,0,0,optimal,0,0,11.177503703162074,11.999583455999527
gcnn:baseline,60,small,data/instances/facilities/train_100_100_5/instance_88.lp,23,134,12.37,0.0,0,0,0,optimal,0,0,11.92007565498352,12.739795148001576
gcnn:baseline,80,small,data/instances/facilities/train_100_100_5/instance_88.lp,29,137,13.26,0.0,0,0,0,optimal,0,0,12.903521742671728,13.727615032999893
gcnn:baseline,100,small,data/instances/facilities/train_100_100_5/instance_88.lp,27,142,11.98,0.0,0,0,0,optimal,0,0,11.647875824943185,12.470078828002443
gcnn:baseline,20,small,data/instances/facilities/train_100_100_5/instance_89.lp,59,198,27.06,0.0,0,0,0,optimal,0,0,27.067524110898376,27.927995881000243
gcnn:baseline,40,small,data/instances/facilities/train_100_100_5/instance_89.lp,65,237,23.72,0.0,0.001975965130075202,0,0,optimal,0,0,23.688312016427517,24.54436286300188
gcnn:baseline,60,small,data/instances/facilities/train_100_100_5/instance_89.lp,55,200,22.44,0.0,0.00015610961757064938,0,0,optimal,0,0,22.21520301885903,23.06302355400112
gcnn:baseline,80,small,data/instances/facilities/train_100_100_5/instance_89.lp,65,237,23.67,0.0,0.001685893939364204,0,0,optimal,0,0,23.3722423594445,24.229747995999787
gcnn:baseline,100,small,data/instances/facilities/train_100_100_5/instance_89.lp,83,242,22.98,0.0,0.00196665836668569,0,0,optimal,0,0,22.7856917809695,23.656599255999026
gcnn:baseline,20,small,data/instances/facilities/train_100_100_5/instance_90.lp,176,333,27.08,0.0,0.003923628869211034,0.0017122660675793022,0,optimal,0,0,26.888979885727167,27.84338262699748
gcnn:baseline,40,small,data/instances/facilities/train_100_100_5/instance_90.lp,95,222,26.08,0.0,0.001964241838033145,0,0,optimal,0,0,26.001855527982116,26.882625004000147
gcnn:baseline,60,small,data/instances/facilities/train_100_100_5/instance_90.lp,131,303,31.51,0.0,0.003205645579550439,0.0018693044028569796,0,optimal,0,0,31.48185371607542,32.40515857299761
gcnn:baseline,80,small,data/instances/facilities/train_100_100_5/instance_90.lp,105,220,23.48,0.0,0.002765578595207125,0.0007037119058917244,0,optimal,0,0,23.187587728723884,24.07580092599892
gcnn:baseline,100,small,data/instances/facilities/train_100_100_5/instance_90.lp,138,290,26.76,0.0,0.0023614476668282498,0.0017304749924200026,0,optimal,0,0,26.61763866432011,27.534254258996953
gcnn:baseline,20,small,data/instances/facilities/train_100_100_5/instance_91.lp,130,256,19.12,0.0,0.002455651018860025,0.0011391483095510937,0,optimal,0,0,18.90742113441229,19.8121906439992
gcnn:baseline,40,small,data/instances/facilities/train_100_100_5/instance_91.lp,129,225,22.76,0.0,0.001685780109755111,0.0008232182939720737,0,optimal,0,0,22.623850274831057,23.52912096199725
gcnn:baseline,60,small,data/instances/facilities/train_100_100_5/instance_91.lp,139,295,23.07,0.0,0.0016792813549212147,0.001499789109486542,0,optimal,0,0,22.938825771212578,23.85247718499886
gcnn:baseline,80,small,data/instances/facilities/train_100_100_5/instance_91.lp,145,273,22.88,0.0,0.0024696350490328945,0.0014290629925873082,0,optimal,0,0,22.727240128442645,23.64485715900082
gcnn:baseline,100,small,data/instances/facilities/train_100_100_5/instance_91.lp,131,270,21.61,0.0,0.0018178025447624221,0.0009368149962158272,0,optimal,0,0,21.477548196911812,22.38359175399819
gcnn:baseline,20,small,data/instances/facilities/train_100_100_5/instance_92.lp,67,145,15.21,0.0,0.0008587102481428381,0,0,optimal,0,0,14.924108816310763,15.777010718000383
gcnn:baseline,40,small,data/instances/facilities/train_100_100_5/instance_92.lp,42,78,12.9,0.0,0,0,0,optimal,0,0,12.531304888427258,13.365610695000214
gcnn:baseline,60,small,data/instances/facilities/train_100_100_5/instance_92.lp,39,193,20.05,0.0,0,0,0,optimal,0,0,19.95295504666865,20.788347489000444
gcnn:baseline,80,small,data/instances/facilities/train_100_100_5/instance_92.lp,41,99,15.75,0.0,0,0,0,optimal,0,0,15.523777551949024,16.357655013998738
gcnn:baseline,100,small,data/instances/facilities/train_100_100_5/instance_92.lp,62,112,14.19,0.0,0,0,0,optimal,0,0,13.752809900790453,14.608231870999589
gcnn:baseline,20,small,data/instances/facilities/train_100_100_5/instance_93.lp,66,154,22.61,0.0,0.00431695990439031,0,0,optimal,0,0,22.492190467193723,23.386966381000093
gcnn:baseline,40,small,data/instances/facilities/train_100_100_5/instance_93.lp,31,116,16.88,0.0,0,0,0,optimal,0,0,16.559587065130472,17.39583039900026
gcnn:baseline,60,small,data/instances/facilities/train_100_100_5/instance_93.lp,74,193,22.83,0.0,0.004470789654010449,0,0,optimal,0,0,22.6308167707175,23.530568543999834
gcnn:baseline,80,small,data/instances/facilities/train_100_100_5/instance_93.lp,17,107,16.88,0.0,0,0,0,optimal,0,0,16.677352713420987,17.49739164100174
gcnn:baseline,100,small,data/instances/facilities/train_100_100_5/instance_93.lp,29,105,16.55,0.0,0,0,0,optimal,0,0,16.39568025059998,17.223796553000284
gcnn:baseline,20,small,data/instances/facilities/train_100_100_5/instance_94.lp,29,134,12.68,0.0,0,0,0,optimal,0,0,12.266122365370393,13.089299472998391
gcnn:baseline,40,small,data/instances/facilities/train_100_100_5/instance_94.lp,27,121,10.85,0.0,0,0,0,optimal,0,0,10.466522425413132,11.288254897001025
gcnn:baseline,60,small,data/instances/facilities/train_100_100_5/instance_94.lp,35,139,14.44,0.0,0,0,0,optimal,0,0,14.21123861335218,15.039978546003113
gcnn:baseline,80,small,data/instances/facilities/train_100_100_5/instance_94.lp,33,127,12.96,0.0,0,0,0,optimal,0,0,12.7006357293576,13.527226737998717
gcnn:baseline,100,small,data/instances/facilities/train_100_100_5/instance_94.lp,43,142,13.46,0.0,0,0,0,optimal,0,0,13.050440330058336,13.884885269999359
gcnn:baseline,20,small,data/instances/facilities/train_100_100_5/instance_95.lp,2895,3582,207.1,0.0,0.006434774735172255,0.006434774735172255,0.006434774735172255,optimal,0,0,209.79409917071462,212.94246589700197
gcnn:baseline,40,small,data/instances/facilities/train_100_100_5/instance_95.lp,2974,3753,223.53,0.0,0.006434774735172255,0.006434774735172255,0.005497027747846304,optimal,0,0,226.39494050107896,229.85116216700044
gcnn:baseline,60,small,data/instances/facilities/train_100_100_5/instance_95.lp,2081,2657,198.75,0.0,0.00731767506899499,0.006774664642736587,0.004821291323666765,optimal,0,0,201.77593756094575,204.32272482600092
gcnn:baseline,80,small,data/instances/facilities/train_100_100_5/instance_95.lp,2962,3738,225.85,0.0,0.006367448461265929,0.006297687109604957,0.005859456468737104,optimal,0,0,228.80917508527637,232.28642103899983
gcnn:baseline,100,small,data/instances/facilities/train_100_100_5/instance_95.lp,3121,3769,240.44,0.0,0.006369746897934966,0.006369746897934966,0.005025124628930273,optimal,0,0,243.47387283854187,246.94511348099695
gcnn:baseline,20,small,data/instances/facilities/train_100_100_5/instance_96.lp,906,1347,96.16,0.0,0.0038664097102617434,0.0037645471175306545,0.0030406839992060475,optimal,0,0,97.40669699944556,98.95369946700157
gcnn:baseline,40,small,data/instances/facilities/train_100_100_5/instance_96.lp,921,1118,96.17,0.0,0.004019947380270623,0.0036227716066407996,0.0031886219016624474,optimal,0,0,97.33355628326535,98.98800228999971
gcnn:baseline,60,small,data/instances/facilities/train_100_100_5/instance_96.lp,866,1177,99.08,0.0,0.00410463285134701,0.003759168410073617,0.0030736992826523027,optimal,0,0,100.47524144500494,102.01112135199946
gcnn:baseline,80,small,data/instances/facilities/train_100_100_5/instance_96.lp,860,1102,80.61,0.0,0.003891628038183954,0.0037595039187982107,0.0037595039187982107,optimal,0,0,81.59617379307747,83.0918623059988
gcnn:baseline,100,small,data/instances/facilities/train_100_100_5/instance_96.lp,1081,1444,91.85,0.0,0.004403554290252009,0.0039788756719960116,0.003610340126452735,optimal,0,0,93.14870872162282,94.80566620899845
gcnn:baseline,20,small,data/instances/facilities/train_100_100_5/instance_97.lp,127,321,40.09,0.0,0.002113401924453619,0.0012786153525855034,0,optimal,0,0,40.33504284545779,41.24655160600014
gcnn:baseline,40,small,data/instances/facilities/train_100_100_5/instance_97.lp,137,297,35.4,0.0,0.002954808488615531,0.002144050965962734,0,optimal,0,0,35.32712803967297,36.26215891099855
gcnn:baseline,60,small,data/instances/facilities/train_100_100_5/instance_97.lp,231,422,55.66,0.0,0.002643395041700647,0.0020185119958481485,0.0016619446422666076,optimal,0,0,55.905863016843796,56.90296926799783
gcnn:baseline,80,small,data/instances/facilities/train_100_100_5/instance_97.lp,211,418,53.71,0.0,0.002848223034330632,0.0021829100914212275,0,optimal,0,0,54.03297654353082,55.016047253997385
gcnn:baseline,100,small,data/instances/facilities/train_100_100_5/instance_97.lp,113,285,35.38,0.0,0.0023577362740457466,0.0015549597359276264,0,optimal,0,0,35.5240450873971,36.42221915999835
gcnn:baseline,20,small,data/instances/facilities/train_100_100_5/instance_98.lp,93,235,15.8,0.0,0.0012759424108694758,0,0,optimal,0,0,15.586295895278454,16.458424066997395
gcnn:baseline,40,small,data/instances/facilities/train_100_100_5/instance_98.lp,79,203,13.28,0.0,0.0007052702623374422,0,0,optimal,0,0,12.904310423880816,13.76391234699986
gcnn:baseline,60,small,data/instances/facilities/train_100_100_5/instance_98.lp,89,214,13.95,0.0,0.0009586598316181671,0,0,optimal,0,0,13.600604496896267,14.46907810599805
gcnn:baseline,80,small,data/instances/facilities/train_100_100_5/instance_98.lp,61,196,13.59,0.0,0.0005580894768727527,0,0,optimal,0,0,13.282159246504307,14.134559376998368
gcnn:baseline,100,small,data/instances/facilities/train_100_100_5/instance_98.lp,77,200,14.97,0.0,0.0010810100144976762,0,0,optimal,0,0,14.687737355008721,15.547471344998485
gcnn:baseline,20,small,data/instances/facilities/train_100_100_5/instance_99.lp,207,378,27.66,0.0,0.003216016714434017,0.0024315564329599627,0,optimal,0,0,27.6104346383363,28.572755797002173
gcnn:baseline,40,small,data/instances/facilities/train_100_100_5/instance_99.lp,351,582,38.42,0.0,0.0034205645098878083,0.0029967425810703686,0.002088199685373,optimal,0,0,38.64098718948662,39.65131287400072
gcnn:baseline,60,small,data/instances/facilities/train_100_100_5/instance_99.lp,325,543,37.66,0.0,0.003286225731524242,0.003083275294212489,0.002593991528546807,optimal,0,0,37.71152497828007,38.70736926899917
gcnn:baseline,80,small,data/instances/facilities/train_100_100_5/instance_99.lp,413,614,44.17,0.0,0.003846333884822756,0.00350831570329764,0.002222088169725534,optimal,0,0,44.52743303216994,45.57320459499897
gcnn:baseline,100,small,data/instances/facilities/train_100_100_5/instance_99.lp,505,770,44.99,0.0,0.003409544480699011,0.003033582687640147,0.002344191176460674,optimal,0,0,45.365284003317356,46.460338575001515
gcnn:baseline,20,small,data/instances/facilities/train_100_100_5/instance_100.lp,55,146,15.8,0.0,0,0,0,optimal,0,0,15.554569445550442,16.391885323999304
gcnn:baseline,40,small,data/instances/facilities/train_100_100_5/instance_100.lp,67,129,15.0,0.0,0.001319405088467217,0,0,optimal,0,0,14.59435098990798,15.436637603001145
gcnn:baseline,60,small,data/instances/facilities/train_100_100_5/instance_100.lp,47,149,17.17,0.0,0,0,0,optimal,0,0,16.878264563158154,17.712431853000453
gcnn:baseline,80,small,data/instances/facilities/train_100_100_5/instance_100.lp,43,135,23.58,0.0,0,0,0,optimal,0,0,23.557007167488337,24.39427134200014
gcnn:baseline,100,small,data/instances/facilities/train_100_100_5/instance_100.lp,57,161,19.12,0.0,0.0004885977116921151,0,0,optimal,0,0,18.78843884728849,19.629339268998592
